Workbook

Sheet Map 1
A1: Land | B1: 0.3 | C1: 5 | D1: 1 | E1: 2 | F1: 3 | G1: 4 | H1: 5 | J1: 10 | K1: 1 | L1: 2 | M1: 3 | N1: 4 | O1: 5 | P1: 6 | Q1: 7 | R1: 8 | S1: 9 | T1: 10 | W1: 4 | X1: 1 | Y1: 2 | Z1: 3 | AA1: 4 | AC1: 8 | AD1: 1 | AE1: 2 | AF1: 3 | AG1: 4 | AH1: 5 | AI1: 6 | AJ1: 7 | AK1: 8
A2: Water | B2: =1-B1 -> 0.7 | C2: 1 | D2: =IF(RAND()<=$B$1,4,8) -> 8 | E2: =IF(RAND()<=$B$1,4,8) -> 8 | F2: =IF(RAND()<=$B$1,4,8) -> 8 | G2: =IF(RAND()<=$B$1,4,8) -> 8 | H2: =IF(RAND()<=$B$1,4,8) -> 4 | J2: 1 | K2: {=INDEX($D$2:$H$6,ROUNDUP($J2/2,0),ROUNDUP(IF(MOD(K$1+INDEX(_xlfn.TEXTSPLIT(B61,",",),0,2)+$J$1,$J$1)=0,$J$1,MOD(K$1+INDEX(_xlfn.TEXTSPLIT(B61,",",),0,2)+$J$1,$J$1))/2,0))} -> 4 | L2: {=INDEX($D$2:$H$6,ROUNDUP($J2/2,0),ROUNDUP(IF(MOD(L$1+INDEX(_xlfn.TEXTSPLIT(C61,",",),0,2)+$J$1,$J$1)=0,$J$1,MOD(L$1+INDEX(_xlfn.TEXTSPLIT(C61,",",),0,2)+$J$1,$J$1))/2,0))} -> 8 | M2: {=INDEX($D$2:$H$6,ROUNDUP($J2/2,0),ROUNDUP(IF(MOD(M$1+INDEX(_xlfn.TEXTSPLIT(D61,",",),0,2)+$J$1,$J$1)=0,$J$1,MOD(M$1+INDEX(_xlfn.TEXTSPLIT(D61,",",),0,2)+$J$1,$J$1))/2,0))} -> 8 | N2: {=INDEX($D$2:$H$6,ROUNDUP($J2/2,0),ROUNDUP(IF(MOD(N$1+INDEX(_xlfn.TEXTSPLIT(E61,",",),0,2)+$J$1,$J$1)=0,$J$1,MOD(N$1+INDEX(_xlfn.TEXTSPLIT(E61,",",),0,2)+$J$1,$J$1))/2,0))} -> 8 | O2: {=INDEX($D$2:$H$6,ROUNDUP($J2/2,0),ROUNDUP(IF(MOD(O$1+INDEX(_xlfn.TEXTSPLIT(F61,",",),0,2)+$J$1,$J$1)=0,$J$1,MOD(O$1+INDEX(_xlfn.TEXTSPLIT(F61,",",),0,2)+$J$1,$J$1))/2,0))} -> 8 | P2: {=INDEX($D$2:$H$6,ROUNDUP($J2/2,0),ROUNDUP(IF(MOD(P$1+INDEX(_xlfn.TEXTSPLIT(G61,",",),0,2)+$J$1,$J$1)=0,$J$1,MOD(P$1+INDEX(_xlfn.TEXTSPLIT(G61,",",),0,2)+$J$1,$J$1))/2,0))} -> 8 | Q2: {=INDEX($D$2:$H$6,ROUNDUP($J2/2,0),ROUNDUP(IF(MOD(Q$1+INDEX(_xlfn.TEXTSPLIT(H61,",",),0,2)+$J$1,$J$1)=0,$J$1,MOD(Q$1+INDEX(_xlfn.TEXTSPLIT(H61,",",),0,2)+$J$1,$J$1))/2,0))} -> 8 | R2: {=INDEX($D$2:$H$6,ROUNDUP($J2/2,0),ROUNDUP(IF(MOD(R$1+INDEX(_xlfn.TEXTSPLIT(I61,",",),0,2)+$J$1,$J$1)=0,$J$1,MOD(R$1+INDEX(_xlfn.TEXTSPLIT(I61,",",),0,2)+$J$1,$J$1))/2,0))} -> 4 | ... T2: {=INDEX($D$2:$H$6,ROUNDUP($J2/2,0),ROUNDUP(IF(MOD(T$1+INDEX(_xlfn.TEXTSPLIT(K61,",",),0,2)+$J$1,$J$1)=0,$J$1,MOD(T$1+INDEX(_xlfn.TEXTSPLIT(K61,",",),0,2)+$J$1,$J$1))/2,0))} -> 8 | W2: 1 | X2: =RANDBETWEEN(-3,0) -> 0 | Y2: =RANDBETWEEN(-3,0) -> -3 | Z2: =RANDBETWEEN(-3,0) -> 0 | AA2: =RANDBETWEEN(-3,0) -> -2 | AC2: 1 | AD2: {=INDEX($X$2:$AA$5,ROUNDUP($AC2/2,0),ROUNDUP(IF(MOD(AD$1+INDEX(_xlfn.TEXTSPLIT(N61,",",),0,2)+$AC$1,$AC$1)=0,$AC$1,MOD(AD$1+INDEX(_xlfn.TEXTSPLIT(N61,",",),0,2)+$AC$1,$AC$1))/2,0))} -> -2 | AE2: {=INDEX($X$2:$AA$5,ROUNDUP($AC2/2,0),ROUNDUP(IF(MOD(AE$1+INDEX(_xlfn.TEXTSPLIT(O61,",",),0,2)+$AC$1,$AC$1)=0,$AC$1,MOD(AE$1+INDEX(_xlfn.TEXTSPLIT(O61,",",),0,2)+$AC$1,$AC$1))/2,0))} -> -3 | AF2: {=INDEX($X$2:$AA$5,ROUNDUP($AC2/2,0),ROUNDUP(IF(MOD(AF$1+INDEX(_xlfn.TEXTSPLIT(P61,",",),0,2)+$AC$1,$AC$1)=0,$AC$1,MOD(AF$1+INDEX(_xlfn.TEXTSPLIT(P61,",",),0,2)+$AC$1,$AC$1))/2,0))} -> 0 | AG2: {=INDEX($X$2:$AA$5,ROUNDUP($AC2/2,0),ROUNDUP(IF(MOD(AG$1+INDEX(_xlfn.TEXTSPLIT(Q61,",",),0,2)+$AC$1,$AC$1)=0,$AC$1,MOD(AG$1+INDEX(_xlfn.TEXTSPLIT(Q61,",",),0,2)+$AC$1,$AC$1))/2,0))} -> -3 | AH2: {=INDEX($X$2:$AA$5,ROUNDUP($AC2/2,0),ROUNDUP(IF(MOD(AH$1+INDEX(_xlfn.TEXTSPLIT(R61,",",),0,2)+$AC$1,$AC$1)=0,$AC$1,MOD(AH$1+INDEX(_xlfn.TEXTSPLIT(R61,",",),0,2)+$AC$1,$AC$1))/2,0))} -> 0 | AI2: {=INDEX($X$2:$AA$5,ROUNDUP($AC2/2,0),ROUNDUP(IF(MOD(AI$1+INDEX(_xlfn.TEXTSPLIT(S61,",",),0,2)+$AC$1,$AC$1)=0,$AC$1,MOD(AI$1+INDEX(_xlfn.TEXTSPLIT(S61,",",),0,2)+$AC$1,$AC$1))/2,0))} -> -2 | AJ2: {=INDEX($X$2:$AA$5,ROUNDUP($AC2/2,0),ROUNDUP(IF(MOD(AJ$1+INDEX(_xlfn.TEXTSPLIT(T61,",",),0,2)+$AC$1,$AC$1)=0,$AC$1,MOD(AJ$1+INDEX(_xlfn.TEXTSPLIT(T61,",",),0,2)+$AC$1,$AC$1))/2,0))} -> 0 | AK2: {=INDEX($X$2:$AA$5,ROUNDUP($AC2/2,0),ROUNDUP(IF(MOD(AK$1+INDEX(_xlfn.TEXTSPLIT(U61,",",),0,2)+$AC$1,$AC$1)=0,$AC$1,MOD(AK$1+INDEX(_xlfn.TEXTSPLIT(U61,",",),0,2)+$AC$1,$AC$1))/2,0))} -> -2
C3: 2 | D3: =IF(RAND()<=$B$1,4,8) -> 8 | E3: =IF(RAND()<=$B$1,4,8) -> 8 | F3: =IF(RAND()<=$B$1,4,8) -> 4 | G3: =IF(RAND()<=$B$1,4,8) -> 8 | H3: =IF(RAND()<=$B$1,4,8) -> 8 | J3: 2 | K3: {=INDEX($D$2:$H$6,ROUNDUP(IF(MOD($J3+INDEX(_xlfn.TEXTSPLIT(B62,",",),0,1)+$J$1,$J$1)=0,$J$1,MOD($J3+INDEX(_xlfn.TEXTSPLIT(B62,",",),0,1)+$J$1,$J$1))/2,0),ROUNDUP(IF(MOD(K$1+INDEX(_xlfn.TEXTSPLIT(B62,",",),0,2)+$J$1,$J$1)=0,$J$1,MOD(K$1+INDEX(_xlfn.TEXTSPLIT(B62,",",),0,2)+$J$1,$J$1))/2,0))} -> 8 | L3: {=INDEX($D$2:$H$6,ROUNDUP(IF(MOD($J3+INDEX(_xlfn.TEXTSPLIT(C62,",",),0,1)+$J$1,$J$1)=0,$J$1,MOD($J3+INDEX(_xlfn.TEXTSPLIT(C62,",",),0,1)+$J$1,$J$1))/2,0),ROUNDUP(IF(MOD(L$1+INDEX(_xlfn.TEXTSPLIT(C62,",",),0,2)+$J$1,$J$1)=0,$J$1,MOD(L$1+INDEX(_xlfn.TEXTSPLIT(C62,",",),0,2)+$J$1,$J$1))/2,0))} -> 8 | M3: {=INDEX($D$2:$H$6,ROUNDUP(IF(MOD($J3+INDEX(_xlfn.TEXTSPLIT(D62,",",),0,1)+$J$1,$J$1)=0,$J$1,MOD($J3+INDEX(_xlfn.TEXTSPLIT(D62,",",),0,1)+$J$1,$J$1))/2,0),ROUNDUP(IF(MOD(M$1+INDEX(_xlfn.TEXTSPLIT(D62,",",),0,2)+$J$1,$J$1)=0,$J$1,MOD(M$1+INDEX(_xlfn.TEXTSPLIT(D62,",",),0,2)+$J$1,$J$1))/2,0))} -> 8 | N3: {=INDEX($D$2:$H$6,ROUNDUP(IF(MOD($J3+INDEX(_xlfn.TEXTSPLIT(E62,",",),0,1)+$J$1,$J$1)=0,$J$1,MOD($J3+INDEX(_xlfn.TEXTSPLIT(E62,",",),0,1)+$J$1,$J$1))/2,0),ROUNDUP(IF(MOD(N$1+INDEX(_xlfn.TEXTSPLIT(E62,",",),0,2)+$J$1,$J$1)=0,$J$1,MOD(N$1+INDEX(_xlfn.TEXTSPLIT(E62,",",),0,2)+$J$1,$J$1))/2,0))} -> 8 | O3: {=INDEX($D$2:$H$6,ROUNDUP(IF(MOD($J3+INDEX(_xlfn.TEXTSPLIT(F62,",",),0,1)+$J$1,$J$1)=0,$J$1,MOD($J3+INDEX(_xlfn.TEXTSPLIT(F62,",",),0,1)+$J$1,$J$1))/2,0),ROUNDUP(IF(MOD(O$1+INDEX(_xlfn.TEXTSPLIT(F62,",",),0,2)+$J$1,$J$1)=0,$J$1,MOD(O$1+INDEX(_xlfn.TEXTSPLIT(F62,",",),0,2)+$J$1,$J$1))/2,0))} -> 8 | P3: {=INDEX($D$2:$H$6,ROUNDUP(IF(MOD($J3+INDEX(_xlfn.TEXTSPLIT(G62,",",),0,1)+$J$1,$J$1)=0,$J$1,MOD($J3+INDEX(_xlfn.TEXTSPLIT(G62,",",),0,1)+$J$1,$J$1))/2,0),ROUNDUP(IF(MOD(P$1+INDEX(_xlfn.TEXTSPLIT(G62,",",),0,2)+$J$1,$J$1)=0,$J$1,MOD(P$1+INDEX(_xlfn.TEXTSPLIT(G62,",",),0,2)+$J$1,$J$1))/2,0))} -> 8 | Q3: {=INDEX($D$2:$H$6,ROUNDUP(IF(MOD($J3+INDEX(_xlfn.TEXTSPLIT(H62,",",),0,1)+$J$1,$J$1)=0,$J$1,MOD($J3+INDEX(_xlfn.TEXTSPLIT(H62,",",),0,1)+$J$1,$J$1))/2,0),ROUNDUP(IF(MOD(Q$1+INDEX(_xlfn.TEXTSPLIT(H62,",",),0,2)+$J$1,$J$1)=0,$J$1,MOD(Q$1+INDEX(_xlfn.TEXTSPLIT(H62,",",),0,2)+$J$1,$J$1))/2,0))} -> 8 | R3: {=INDEX($D$2:$H$6,ROUNDUP(IF(MOD($J3+INDEX(_xlfn.TEXTSPLIT(I62,",",),0,1)+$J$1,$J$1)=0,$J$1,MOD($J3+INDEX(_xlfn.TEXTSPLIT(I62,",",),0,1)+$J$1,$J$1))/2,0),ROUNDUP(IF(MOD(R$1+INDEX(_xlfn.TEXTSPLIT(I62,",",),0,2)+$J$1,$J$1)=0,$J$1,MOD(R$1+INDEX(_xlfn.TEXTSPLIT(I62,",",),0,2)+$J$1,$J$1))/2,0))} -> 8 | ... T3: {=INDEX($D$2:$H$6,ROUNDUP(IF(MOD($J3+INDEX(_xlfn.TEXTSPLIT(K62,",",),0,1)+$J$1,$J$1)=0,$J$1,MOD($J3+INDEX(_xlfn.TEXTSPLIT(K62,",",),0,1)+$J$1,$J$1))/2,0),ROUNDUP(IF(MOD(T$1+INDEX(_xlfn.TEXTSPLIT(K62,",",),0,2)+$J$1,$J$1)=0,$J$1,MOD(T$1+INDEX(_xlfn.TEXTSPLIT(K62,",",),0,2)+$J$1,$J$1))/2,0))} -> 4 | W3: 2 | X3: =RANDBETWEEN(-3,0) -> -2 | Y3: =RANDBETWEEN(-3,0) -> -1 | Z3: =RANDBETWEEN(-3,0) -> -1 | AA3: =RANDBETWEEN(-3,0) -> -3 | AC3: 2 | AD3: {=INDEX($X$2:$AA$5,ROUNDUP(IF(MOD($AC3+INDEX(_xlfn.TEXTSPLIT(N62,",",),0,1)+$AC$1,$AC$1)=0,$AC$1,MOD($AC3+INDEX(_xlfn.TEXTSPLIT(N62,",",),0,1)+$AC$1,$AC$1))/2,0),ROUNDUP(IF(MOD(AD$1+INDEX(_xlfn.TEXTSPLIT(N62,",",),0,2)+$AC$1,$AC$1)=0,$AC$1,MOD(AD$1+INDEX(_xlfn.TEXTSPLIT(N62,",",),0,2)+$AC$1,$AC$1))/2,0))} -> -3 | AE3: {=INDEX($X$2:$AA$5,ROUNDUP(IF(MOD($AC3+INDEX(_xlfn.TEXTSPLIT(O62,",",),0,1)+$AC$1,$AC$1)=0,$AC$1,MOD($AC3+INDEX(_xlfn.TEXTSPLIT(O62,",",),0,1)+$AC$1,$AC$1))/2,0),ROUNDUP(IF(MOD(AE$1+INDEX(_xlfn.TEXTSPLIT(O62,",",),0,2)+$AC$1,$AC$1)=0,$AC$1,MOD(AE$1+INDEX(_xlfn.TEXTSPLIT(O62,",",),0,2)+$AC$1,$AC$1))/2,0))} -> 0 | AF3: {=INDEX($X$2:$AA$5,ROUNDUP(IF(MOD($AC3+INDEX(_xlfn.TEXTSPLIT(P62,",",),0,1)+$AC$1,$AC$1)=0,$AC$1,MOD($AC3+INDEX(_xlfn.TEXTSPLIT(P62,",",),0,1)+$AC$1,$AC$1))/2,0),ROUNDUP(IF(MOD(AF$1+INDEX(_xlfn.TEXTSPLIT(P62,",",),0,2)+$AC$1,$AC$1)=0,$AC$1,MOD(AF$1+INDEX(_xlfn.TEXTSPLIT(P62,",",),0,2)+$AC$1,$AC$1))/2,0))} -> -3 | AG3: {=INDEX($X$2:$AA$5,ROUNDUP(IF(MOD($AC3+INDEX(_xlfn.TEXTSPLIT(Q62,",",),0,1)+$AC$1,$AC$1)=0,$AC$1,MOD($AC3+INDEX(_xlfn.TEXTSPLIT(Q62,",",),0,1)+$AC$1,$AC$1))/2,0),ROUNDUP(IF(MOD(AG$1+INDEX(_xlfn.TEXTSPLIT(Q62,",",),0,2)+$AC$1,$AC$1)=0,$AC$1,MOD(AG$1+INDEX(_xlfn.TEXTSPLIT(Q62,",",),0,2)+$AC$1,$AC$1))/2,0))} -> -3 | AH3: {=INDEX($X$2:$AA$5,ROUNDUP(IF(MOD($AC3+INDEX(_xlfn.TEXTSPLIT(R62,",",),0,1)+$AC$1,$AC$1)=0,$AC$1,MOD($AC3+INDEX(_xlfn.TEXTSPLIT(R62,",",),0,1)+$AC$1,$AC$1))/2,0),ROUNDUP(IF(MOD(AH$1+INDEX(_xlfn.TEXTSPLIT(R62,",",),0,2)+$AC$1,$AC$1)=0,$AC$1,MOD(AH$1+INDEX(_xlfn.TEXTSPLIT(R62,",",),0,2)+$AC$1,$AC$1))/2,0))} -> -3 | AI3: {=INDEX($X$2:$AA$5,ROUNDUP(IF(MOD($AC3+INDEX(_xlfn.TEXTSPLIT(S62,",",),0,1)+$AC$1,$AC$1)=0,$AC$1,MOD($AC3+INDEX(_xlfn.TEXTSPLIT(S62,",",),0,1)+$AC$1,$AC$1))/2,0),ROUNDUP(IF(MOD(AI$1+INDEX(_xlfn.TEXTSPLIT(S62,",",),0,2)+$AC$1,$AC$1)=0,$AC$1,MOD(AI$1+INDEX(_xlfn.TEXTSPLIT(S62,",",),0,2)+$AC$1,$AC$1))/2,0))} -> 0 | AJ3: {=INDEX($X$2:$AA$5,ROUNDUP(IF(MOD($AC3+INDEX(_xlfn.TEXTSPLIT(T62,",",),0,1)+$AC$1,$AC$1)=0,$AC$1,MOD($AC3+INDEX(_xlfn.TEXTSPLIT(T62,",",),0,1)+$AC$1,$AC$1))/2,0),ROUNDUP(IF(MOD(AJ$1+INDEX(_xlfn.TEXTSPLIT(T62,",",),0,2)+$AC$1,$AC$1)=0,$AC$1,MOD(AJ$1+INDEX(_xlfn.TEXTSPLIT(T62,",",),0,2)+$AC$1,$AC$1))/2,0))} -> -2 | AK3: {=INDEX($X$2:$AA$5,ROUNDUP(IF(MOD($AC3+INDEX(_xlfn.TEXTSPLIT(U62,",",),0,1)+$AC$1,$AC$1)=0,$AC$1,MOD($AC3+INDEX(_xlfn.TEXTSPLIT(U62,",",),0,1)+$AC$1,$AC$1))/2,0),ROUNDUP(IF(MOD(AK$1+INDEX(_xlfn.TEXTSPLIT(U62,",",),0,2)+$AC$1,$AC$1)=0,$AC$1,MOD(AK$1+INDEX(_xlfn.TEXTSPLIT(U62,",",),0,2)+$AC$1,$AC$1))/2,0))} -> -3
C4: 3 | D4: =IF(RAND()<=$B$1,4,8) -> 4 | E4: =IF(RAND()<=$B$1,4,8) -> 8 | F4: =IF(RAND()<=$B$1,4,8) -> 8 | G4: =IF(RAND()<=$B$1,4,8) -> 8 | H4: =IF(RAND()<=$B$1,4,8) -> 8 | J4: 3 | K4: {=INDEX($D$2:$H$6,ROUNDUP(IF(MOD($J4+INDEX(_xlfn.TEXTSPLIT(B63,",",),0,1)+$J$1,$J$1)=0,$J$1,MOD($J4+INDEX(_xlfn.TEXTSPLIT(B63,",",),0,1)+$J$1,$J$1))/2,0),ROUNDUP(IF(MOD(K$1+INDEX(_xlfn.TEXTSPLIT(B63,",",),0,2)+$J$1,$J$1)=0,$J$1,MOD(K$1+INDEX(_xlfn.TEXTSPLIT(B63,",",),0,2)+$J$1,$J$1))/2,0))} -> 8 | L4: {=INDEX($D$2:$H$6,ROUNDUP(IF(MOD($J4+INDEX(_xlfn.TEXTSPLIT(C63,",",),0,1)+$J$1,$J$1)=0,$J$1,MOD($J4+INDEX(_xlfn.TEXTSPLIT(C63,",",),0,1)+$J$1,$J$1))/2,0),ROUNDUP(IF(MOD(L$1+INDEX(_xlfn.TEXTSPLIT(C63,",",),0,2)+$J$1,$J$1)=0,$J$1,MOD(L$1+INDEX(_xlfn.TEXTSPLIT(C63,",",),0,2)+$J$1,$J$1))/2,0))} -> 8 | M4: {=INDEX($D$2:$H$6,ROUNDUP(IF(MOD($J4+INDEX(_xlfn.TEXTSPLIT(D63,",",),0,1)+$J$1,$J$1)=0,$J$1,MOD($J4+INDEX(_xlfn.TEXTSPLIT(D63,",",),0,1)+$J$1,$J$1))/2,0),ROUNDUP(IF(MOD(M$1+INDEX(_xlfn.TEXTSPLIT(D63,",",),0,2)+$J$1,$J$1)=0,$J$1,MOD(M$1+INDEX(_xlfn.TEXTSPLIT(D63,",",),0,2)+$J$1,$J$1))/2,0))} -> 8 | N4: {=INDEX($D$2:$H$6,ROUNDUP(IF(MOD($J4+INDEX(_xlfn.TEXTSPLIT(E63,",",),0,1)+$J$1,$J$1)=0,$J$1,MOD($J4+INDEX(_xlfn.TEXTSPLIT(E63,",",),0,1)+$J$1,$J$1))/2,0),ROUNDUP(IF(MOD(N$1+INDEX(_xlfn.TEXTSPLIT(E63,",",),0,2)+$J$1,$J$1)=0,$J$1,MOD(N$1+INDEX(_xlfn.TEXTSPLIT(E63,",",),0,2)+$J$1,$J$1))/2,0))} -> 4 | O4: {=INDEX($D$2:$H$6,ROUNDUP(IF(MOD($J4+INDEX(_xlfn.TEXTSPLIT(F63,",",),0,1)+$J$1,$J$1)=0,$J$1,MOD($J4+INDEX(_xlfn.TEXTSPLIT(F63,",",),0,1)+$J$1,$J$1))/2,0),ROUNDUP(IF(MOD(O$1+INDEX(_xlfn.TEXTSPLIT(F63,",",),0,2)+$J$1,$J$1)=0,$J$1,MOD(O$1+INDEX(_xlfn.TEXTSPLIT(F63,",",),0,2)+$J$1,$J$1))/2,0))} -> 8 | P4: {=INDEX($D$2:$H$6,ROUNDUP(IF(MOD($J4+INDEX(_xlfn.TEXTSPLIT(G63,",",),0,1)+$J$1,$J$1)=0,$J$1,MOD($J4+INDEX(_xlfn.TEXTSPLIT(G63,",",),0,1)+$J$1,$J$1))/2,0),ROUNDUP(IF(MOD(P$1+INDEX(_xlfn.TEXTSPLIT(G63,",",),0,2)+$J$1,$J$1)=0,$J$1,MOD(P$1+INDEX(_xlfn.TEXTSPLIT(G63,",",),0,2)+$J$1,$J$1))/2,0))} -> 8 | Q4: {=INDEX($D$2:$H$6,ROUNDUP(IF(MOD($J4+INDEX(_xlfn.TEXTSPLIT(H63,",",),0,1)+$J$1,$J$1)=0,$J$1,MOD($J4+INDEX(_xlfn.TEXTSPLIT(H63,",",),0,1)+$J$1,$J$1))/2,0),ROUNDUP(IF(MOD(Q$1+INDEX(_xlfn.TEXTSPLIT(H63,",",),0,2)+$J$1,$J$1)=0,$J$1,MOD(Q$1+INDEX(_xlfn.TEXTSPLIT(H63,",",),0,2)+$J$1,$J$1))/2,0))} -> 4 | R4: {=INDEX($D$2:$H$6,ROUNDUP(IF(MOD($J4+INDEX(_xlfn.TEXTSPLIT(I63,",",),0,1)+$J$1,$J$1)=0,$J$1,MOD($J4+INDEX(_xlfn.TEXTSPLIT(I63,",",),0,1)+$J$1,$J$1))/2,0),ROUNDUP(IF(MOD(R$1+INDEX(_xlfn.TEXTSPLIT(I63,",",),0,2)+$J$1,$J$1)=0,$J$1,MOD(R$1+INDEX(_xlfn.TEXTSPLIT(I63,",",),0,2)+$J$1,$J$1))/2,0))} -> 8 | ... T4: {=INDEX($D$2:$H$6,ROUNDUP(IF(MOD($J4+INDEX(_xlfn.TEXTSPLIT(K63,",",),0,1)+$J$1,$J$1)=0,$J$1,MOD($J4+INDEX(_xlfn.TEXTSPLIT(K63,",",),0,1)+$J$1,$J$1))/2,0),ROUNDUP(IF(MOD(T$1+INDEX(_xlfn.TEXTSPLIT(K63,",",),0,2)+$J$1,$J$1)=0,$J$1,MOD(T$1+INDEX(_xlfn.TEXTSPLIT(K63,",",),0,2)+$J$1,$J$1))/2,0))} -> 8 | W4: 3 | X4: =RANDBETWEEN(-3,0) -> -2 | Y4: =RANDBETWEEN(-3,0) -> -1 | Z4: =RANDBETWEEN(-3,0) -> -1 | AA4: =RANDBETWEEN(-3,0) -> 0 | AC4: 3 | AD4: {=INDEX($X$2:$AA$5,ROUNDUP(IF(MOD($AC4+INDEX(_xlfn.TEXTSPLIT(N63,",",),0,1)+$AC$1,$AC$1)=0,$AC$1,MOD($AC4+INDEX(_xlfn.TEXTSPLIT(N63,",",),0,1)+$AC$1,$AC$1))/2,0),ROUNDUP(IF(MOD(AD$1+INDEX(_xlfn.TEXTSPLIT(N63,",",),0,2)+$AC$1,$AC$1)=0,$AC$1,MOD(AD$1+INDEX(_xlfn.TEXTSPLIT(N63,",",),0,2)+$AC$1,$AC$1))/2,0))} -> -2 | AE4: {=INDEX($X$2:$AA$5,ROUNDUP(IF(MOD($AC4+INDEX(_xlfn.TEXTSPLIT(O63,",",),0,1)+$AC$1,$AC$1)=0,$AC$1,MOD($AC4+INDEX(_xlfn.TEXTSPLIT(O63,",",),0,1)+$AC$1,$AC$1))/2,0),ROUNDUP(IF(MOD(AE$1+INDEX(_xlfn.TEXTSPLIT(O63,",",),0,2)+$AC$1,$AC$1)=0,$AC$1,MOD(AE$1+INDEX(_xlfn.TEXTSPLIT(O63,",",),0,2)+$AC$1,$AC$1))/2,0))} -> -1 | AF4: {=INDEX($X$2:$AA$5,ROUNDUP(IF(MOD($AC4+INDEX(_xlfn.TEXTSPLIT(P63,",",),0,1)+$AC$1,$AC$1)=0,$AC$1,MOD($AC4+INDEX(_xlfn.TEXTSPLIT(P63,",",),0,1)+$AC$1,$AC$1))/2,0),ROUNDUP(IF(MOD(AF$1+INDEX(_xlfn.TEXTSPLIT(P63,",",),0,2)+$AC$1,$AC$1)=0,$AC$1,MOD(AF$1+INDEX(_xlfn.TEXTSPLIT(P63,",",),0,2)+$AC$1,$AC$1))/2,0))} -> -1 | AG4: {=INDEX($X$2:$AA$5,ROUNDUP(IF(MOD($AC4+INDEX(_xlfn.TEXTSPLIT(Q63,",",),0,1)+$AC$1,$AC$1)=0,$AC$1,MOD($AC4+INDEX(_xlfn.TEXTSPLIT(Q63,",",),0,1)+$AC$1,$AC$1))/2,0),ROUNDUP(IF(MOD(AG$1+INDEX(_xlfn.TEXTSPLIT(Q63,",",),0,2)+$AC$1,$AC$1)=0,$AC$1,MOD(AG$1+INDEX(_xlfn.TEXTSPLIT(Q63,",",),0,2)+$AC$1,$AC$1))/2,0))} -> -3 | AH4: {=INDEX($X$2:$AA$5,ROUNDUP(IF(MOD($AC4+INDEX(_xlfn.TEXTSPLIT(R63,",",),0,1)+$AC$1,$AC$1)=0,$AC$1,MOD($AC4+INDEX(_xlfn.TEXTSPLIT(R63,",",),0,1)+$AC$1,$AC$1))/2,0),ROUNDUP(IF(MOD(AH$1+INDEX(_xlfn.TEXTSPLIT(R63,",",),0,2)+$AC$1,$AC$1)=0,$AC$1,MOD(AH$1+INDEX(_xlfn.TEXTSPLIT(R63,",",),0,2)+$AC$1,$AC$1))/2,0))} -> -1 | AI4: {=INDEX($X$2:$AA$5,ROUNDUP(IF(MOD($AC4+INDEX(_xlfn.TEXTSPLIT(S63,",",),0,1)+$AC$1,$AC$1)=0,$AC$1,MOD($AC4+INDEX(_xlfn.TEXTSPLIT(S63,",",),0,1)+$AC$1,$AC$1))/2,0),ROUNDUP(IF(MOD(AI$1+INDEX(_xlfn.TEXTSPLIT(S63,",",),0,2)+$AC$1,$AC$1)=0,$AC$1,MOD(AI$1+INDEX(_xlfn.TEXTSPLIT(S63,",",),0,2)+$AC$1,$AC$1))/2,0))} -> -3 | AJ4: {=INDEX($X$2:$AA$5,ROUNDUP(IF(MOD($AC4+INDEX(_xlfn.TEXTSPLIT(T63,",",),0,1)+$AC$1,$AC$1)=0,$AC$1,MOD($AC4+INDEX(_xlfn.TEXTSPLIT(T63,",",),0,1)+$AC$1,$AC$1))/2,0),ROUNDUP(IF(MOD(AJ$1+INDEX(_xlfn.TEXTSPLIT(T63,",",),0,2)+$AC$1,$AC$1)=0,$AC$1,MOD(AJ$1+INDEX(_xlfn.TEXTSPLIT(T63,",",),0,2)+$AC$1,$AC$1))/2,0))} -> -3 | AK4: {=INDEX($X$2:$AA$5,ROUNDUP(IF(MOD($AC4+INDEX(_xlfn.TEXTSPLIT(U63,",",),0,1)+$AC$1,$AC$1)=0,$AC$1,MOD($AC4+INDEX(_xlfn.TEXTSPLIT(U63,",",),0,1)+$AC$1,$AC$1))/2,0),ROUNDUP(IF(MOD(AK$1+INDEX(_xlfn.TEXTSPLIT(U63,",",),0,2)+$AC$1,$AC$1)=0,$AC$1,MOD(AK$1+INDEX(_xlfn.TEXTSPLIT(U63,",",),0,2)+$AC$1,$AC$1))/2,0))} -> -3
C5: 4 | D5: =IF(RAND()<=$B$1,4,8) -> 4 | E5: =IF(RAND()<=$B$1,4,8) -> 8 | F5: =IF(RAND()<=$B$1,4,8) -> 8 | G5: =IF(RAND()<=$B$1,4,8) -> 8 | H5: =IF(RAND()<=$B$1,4,8) -> 8 | J5: 4 | K5: {=INDEX($D$2:$H$6,ROUNDUP(IF(MOD($J5+INDEX(_xlfn.TEXTSPLIT(B64,",",),0,1)+$J$1,$J$1)=0,$J$1,MOD($J5+INDEX(_xlfn.TEXTSPLIT(B64,",",),0,1)+$J$1,$J$1))/2,0),ROUNDUP(IF(MOD(K$1+INDEX(_xlfn.TEXTSPLIT(B64,",",),0,2)+$J$1,$J$1)=0,$J$1,MOD(K$1+INDEX(_xlfn.TEXTSPLIT(B64,",",),0,2)+$J$1,$J$1))/2,0))} -> 8 | L5: {=INDEX($D$2:$H$6,ROUNDUP(IF(MOD($J5+INDEX(_xlfn.TEXTSPLIT(C64,",",),0,1)+$J$1,$J$1)=0,$J$1,MOD($J5+INDEX(_xlfn.TEXTSPLIT(C64,",",),0,1)+$J$1,$J$1))/2,0),ROUNDUP(IF(MOD(L$1+INDEX(_xlfn.TEXTSPLIT(C64,",",),0,2)+$J$1,$J$1)=0,$J$1,MOD(L$1+INDEX(_xlfn.TEXTSPLIT(C64,",",),0,2)+$J$1,$J$1))/2,0))} -> 8 | M5: {=INDEX($D$2:$H$6,ROUNDUP(IF(MOD($J5+INDEX(_xlfn.TEXTSPLIT(D64,",",),0,1)+$J$1,$J$1)=0,$J$1,MOD($J5+INDEX(_xlfn.TEXTSPLIT(D64,",",),0,1)+$J$1,$J$1))/2,0),ROUNDUP(IF(MOD(M$1+INDEX(_xlfn.TEXTSPLIT(D64,",",),0,2)+$J$1,$J$1)=0,$J$1,MOD(M$1+INDEX(_xlfn.TEXTSPLIT(D64,",",),0,2)+$J$1,$J$1))/2,0))} -> 8 | N5: {=INDEX($D$2:$H$6,ROUNDUP(IF(MOD($J5+INDEX(_xlfn.TEXTSPLIT(E64,",",),0,1)+$J$1,$J$1)=0,$J$1,MOD($J5+INDEX(_xlfn.TEXTSPLIT(E64,",",),0,1)+$J$1,$J$1))/2,0),ROUNDUP(IF(MOD(N$1+INDEX(_xlfn.TEXTSPLIT(E64,",",),0,2)+$J$1,$J$1)=0,$J$1,MOD(N$1+INDEX(_xlfn.TEXTSPLIT(E64,",",),0,2)+$J$1,$J$1))/2,0))} -> 8 | O5: {=INDEX($D$2:$H$6,ROUNDUP(IF(MOD($J5+INDEX(_xlfn.TEXTSPLIT(F64,",",),0,1)+$J$1,$J$1)=0,$J$1,MOD($J5+INDEX(_xlfn.TEXTSPLIT(F64,",",),0,1)+$J$1,$J$1))/2,0),ROUNDUP(IF(MOD(O$1+INDEX(_xlfn.TEXTSPLIT(F64,",",),0,2)+$J$1,$J$1)=0,$J$1,MOD(O$1+INDEX(_xlfn.TEXTSPLIT(F64,",",),0,2)+$J$1,$J$1))/2,0))} -> 8 | P5: {=INDEX($D$2:$H$6,ROUNDUP(IF(MOD($J5+INDEX(_xlfn.TEXTSPLIT(G64,",",),0,1)+$J$1,$J$1)=0,$J$1,MOD($J5+INDEX(_xlfn.TEXTSPLIT(G64,",",),0,1)+$J$1,$J$1))/2,0),ROUNDUP(IF(MOD(P$1+INDEX(_xlfn.TEXTSPLIT(G64,",",),0,2)+$J$1,$J$1)=0,$J$1,MOD(P$1+INDEX(_xlfn.TEXTSPLIT(G64,",",),0,2)+$J$1,$J$1))/2,0))} -> 4 | Q5: {=INDEX($D$2:$H$6,ROUNDUP(IF(MOD($J5+INDEX(_xlfn.TEXTSPLIT(H64,",",),0,1)+$J$1,$J$1)=0,$J$1,MOD($J5+INDEX(_xlfn.TEXTSPLIT(H64,",",),0,1)+$J$1,$J$1))/2,0),ROUNDUP(IF(MOD(Q$1+INDEX(_xlfn.TEXTSPLIT(H64,",",),0,2)+$J$1,$J$1)=0,$J$1,MOD(Q$1+INDEX(_xlfn.TEXTSPLIT(H64,",",),0,2)+$J$1,$J$1))/2,0))} -> 8 | R5: {=INDEX($D$2:$H$6,ROUNDUP(IF(MOD($J5+INDEX(_xlfn.TEXTSPLIT(I64,",",),0,1)+$J$1,$J$1)=0,$J$1,MOD($J5+INDEX(_xlfn.TEXTSPLIT(I64,",",),0,1)+$J$1,$J$1))/2,0),ROUNDUP(IF(MOD(R$1+INDEX(_xlfn.TEXTSPLIT(I64,",",),0,2)+$J$1,$J$1)=0,$J$1,MOD(R$1+INDEX(_xlfn.TEXTSPLIT(I64,",",),0,2)+$J$1,$J$1))/2,0))} -> 8 | ... T5: {=INDEX($D$2:$H$6,ROUNDUP(IF(MOD($J5+INDEX(_xlfn.TEXTSPLIT(K64,",",),0,1)+$J$1,$J$1)=0,$J$1,MOD($J5+INDEX(_xlfn.TEXTSPLIT(K64,",",),0,1)+$J$1,$J$1))/2,0),ROUNDUP(IF(MOD(T$1+INDEX(_xlfn.TEXTSPLIT(K64,",",),0,2)+$J$1,$J$1)=0,$J$1,MOD(T$1+INDEX(_xlfn.TEXTSPLIT(K64,",",),0,2)+$J$1,$J$1))/2,0))} -> 8 | W5: 4 | X5: =RANDBETWEEN(-3,0) -> -1 | Y5: =RANDBETWEEN(-3,0) -> -1 | Z5: =RANDBETWEEN(-3,0) -> 0 | AA5: =RANDBETWEEN(-3,0) -> -3 | AC5: 4 | AD5: {=INDEX($X$2:$AA$5,ROUNDUP(IF(MOD($AC5+INDEX(_xlfn.TEXTSPLIT(N64,",",),0,1)+$AC$1,$AC$1)=0,$AC$1,MOD($AC5+INDEX(_xlfn.TEXTSPLIT(N64,",",),0,1)+$AC$1,$AC$1))/2,0),ROUNDUP(IF(MOD(AD$1+INDEX(_xlfn.TEXTSPLIT(N64,",",),0,2)+$AC$1,$AC$1)=0,$AC$1,MOD(AD$1+INDEX(_xlfn.TEXTSPLIT(N64,",",),0,2)+$AC$1,$AC$1))/2,0))} -> -2 | AE5: {=INDEX($X$2:$AA$5,ROUNDUP(IF(MOD($AC5+INDEX(_xlfn.TEXTSPLIT(O64,",",),0,1)+$AC$1,$AC$1)=0,$AC$1,MOD($AC5+INDEX(_xlfn.TEXTSPLIT(O64,",",),0,1)+$AC$1,$AC$1))/2,0),ROUNDUP(IF(MOD(AE$1+INDEX(_xlfn.TEXTSPLIT(O64,",",),0,2)+$AC$1,$AC$1)=0,$AC$1,MOD(AE$1+INDEX(_xlfn.TEXTSPLIT(O64,",",),0,2)+$AC$1,$AC$1))/2,0))} -> -2 | AF5: {=INDEX($X$2:$AA$5,ROUNDUP(IF(MOD($AC5+INDEX(_xlfn.TEXTSPLIT(P64,",",),0,1)+$AC$1,$AC$1)=0,$AC$1,MOD($AC5+INDEX(_xlfn.TEXTSPLIT(P64,",",),0,1)+$AC$1,$AC$1))/2,0),ROUNDUP(IF(MOD(AF$1+INDEX(_xlfn.TEXTSPLIT(P64,",",),0,2)+$AC$1,$AC$1)=0,$AC$1,MOD(AF$1+INDEX(_xlfn.TEXTSPLIT(P64,",",),0,2)+$AC$1,$AC$1))/2,0))} -> -1 | AG5: {=INDEX($X$2:$AA$5,ROUNDUP(IF(MOD($AC5+INDEX(_xlfn.TEXTSPLIT(Q64,",",),0,1)+$AC$1,$AC$1)=0,$AC$1,MOD($AC5+INDEX(_xlfn.TEXTSPLIT(Q64,",",),0,1)+$AC$1,$AC$1))/2,0),ROUNDUP(IF(MOD(AG$1+INDEX(_xlfn.TEXTSPLIT(Q64,",",),0,2)+$AC$1,$AC$1)=0,$AC$1,MOD(AG$1+INDEX(_xlfn.TEXTSPLIT(Q64,",",),0,2)+$AC$1,$AC$1))/2,0))} -> -1 | AH5: {=INDEX($X$2:$AA$5,ROUNDUP(IF(MOD($AC5+INDEX(_xlfn.TEXTSPLIT(R64,",",),0,1)+$AC$1,$AC$1)=0,$AC$1,MOD($AC5+INDEX(_xlfn.TEXTSPLIT(R64,",",),0,1)+$AC$1,$AC$1))/2,0),ROUNDUP(IF(MOD(AH$1+INDEX(_xlfn.TEXTSPLIT(R64,",",),0,2)+$AC$1,$AC$1)=0,$AC$1,MOD(AH$1+INDEX(_xlfn.TEXTSPLIT(R64,",",),0,2)+$AC$1,$AC$1))/2,0))} -> -1 | AI5: {=INDEX($X$2:$AA$5,ROUNDUP(IF(MOD($AC5+INDEX(_xlfn.TEXTSPLIT(S64,",",),0,1)+$AC$1,$AC$1)=0,$AC$1,MOD($AC5+INDEX(_xlfn.TEXTSPLIT(S64,",",),0,1)+$AC$1,$AC$1))/2,0),ROUNDUP(IF(MOD(AI$1+INDEX(_xlfn.TEXTSPLIT(S64,",",),0,2)+$AC$1,$AC$1)=0,$AC$1,MOD(AI$1+INDEX(_xlfn.TEXTSPLIT(S64,",",),0,2)+$AC$1,$AC$1))/2,0))} -> 0 | AJ5: {=INDEX($X$2:$AA$5,ROUNDUP(IF(MOD($AC5+INDEX(_xlfn.TEXTSPLIT(T64,",",),0,1)+$AC$1,$AC$1)=0,$AC$1,MOD($AC5+INDEX(_xlfn.TEXTSPLIT(T64,",",),0,1)+$AC$1,$AC$1))/2,0),ROUNDUP(IF(MOD(AJ$1+INDEX(_xlfn.TEXTSPLIT(T64,",",),0,2)+$AC$1,$AC$1)=0,$AC$1,MOD(AJ$1+INDEX(_xlfn.TEXTSPLIT(T64,",",),0,2)+$AC$1,$AC$1))/2,0))} -> -1 | AK5: {=INDEX($X$2:$AA$5,ROUNDUP(IF(MOD($AC5+INDEX(_xlfn.TEXTSPLIT(U64,",",),0,1)+$AC$1,$AC$1)=0,$AC$1,MOD($AC5+INDEX(_xlfn.TEXTSPLIT(U64,",",),0,1)+$AC$1,$AC$1))/2,0),ROUNDUP(IF(MOD(AK$1+INDEX(_xlfn.TEXTSPLIT(U64,",",),0,2)+$AC$1,$AC$1)=0,$AC$1,MOD(AK$1+INDEX(_xlfn.TEXTSPLIT(U64,",",),0,2)+$AC$1,$AC$1))/2,0))} -> -3
C6: 5 | D6: =IF(RAND()<=$B$1,4,8) -> 8 | E6: =IF(RAND()<=$B$1,4,8) -> 4 | F6: =IF(RAND()<=$B$1,4,8) -> 8 | G6: =IF(RAND()<=$B$1,4,8) -> 8 | H6: =IF(RAND()<=$B$1,4,8) -> 8 | J6: 5 | K6: {=INDEX($D$2:$H$6,ROUNDUP(IF(MOD($J6+INDEX(_xlfn.TEXTSPLIT(B65,",",),0,1)+$J$1,$J$1)=0,$J$1,MOD($J6+INDEX(_xlfn.TEXTSPLIT(B65,",",),0,1)+$J$1,$J$1))/2,0),ROUNDUP(IF(MOD(K$1+INDEX(_xlfn.TEXTSPLIT(B65,",",),0,2)+$J$1,$J$1)=0,$J$1,MOD(K$1+INDEX(_xlfn.TEXTSPLIT(B65,",",),0,2)+$J$1,$J$1))/2,0))} -> 4 | L6: {=INDEX($D$2:$H$6,ROUNDUP(IF(MOD($J6+INDEX(_xlfn.TEXTSPLIT(C65,",",),0,1)+$J$1,$J$1)=0,$J$1,MOD($J6+INDEX(_xlfn.TEXTSPLIT(C65,",",),0,1)+$J$1,$J$1))/2,0),ROUNDUP(IF(MOD(L$1+INDEX(_xlfn.TEXTSPLIT(C65,",",),0,2)+$J$1,$J$1)=0,$J$1,MOD(L$1+INDEX(_xlfn.TEXTSPLIT(C65,",",),0,2)+$J$1,$J$1))/2,0))} -> 4 | M6: {=INDEX($D$2:$H$6,ROUNDUP(IF(MOD($J6+INDEX(_xlfn.TEXTSPLIT(D65,",",),0,1)+$J$1,$J$1)=0,$J$1,MOD($J6+INDEX(_xlfn.TEXTSPLIT(D65,",",),0,1)+$J$1,$J$1))/2,0),ROUNDUP(IF(MOD(M$1+INDEX(_xlfn.TEXTSPLIT(D65,",",),0,2)+$J$1,$J$1)=0,$J$1,MOD(M$1+INDEX(_xlfn.TEXTSPLIT(D65,",",),0,2)+$J$1,$J$1))/2,0))} -> 8 | N6: {=INDEX($D$2:$H$6,ROUNDUP(IF(MOD($J6+INDEX(_xlfn.TEXTSPLIT(E65,",",),0,1)+$J$1,$J$1)=0,$J$1,MOD($J6+INDEX(_xlfn.TEXTSPLIT(E65,",",),0,1)+$J$1,$J$1))/2,0),ROUNDUP(IF(MOD(N$1+INDEX(_xlfn.TEXTSPLIT(E65,",",),0,2)+$J$1,$J$1)=0,$J$1,MOD(N$1+INDEX(_xlfn.TEXTSPLIT(E65,",",),0,2)+$J$1,$J$1))/2,0))} -> 8 | O6: {=INDEX($D$2:$H$6,ROUNDUP(IF(MOD($J6+INDEX(_xlfn.TEXTSPLIT(F65,",",),0,1)+$J$1,$J$1)=0,$J$1,MOD($J6+INDEX(_xlfn.TEXTSPLIT(F65,",",),0,1)+$J$1,$J$1))/2,0),ROUNDUP(IF(MOD(O$1+INDEX(_xlfn.TEXTSPLIT(F65,",",),0,2)+$J$1,$J$1)=0,$J$1,MOD(O$1+INDEX(_xlfn.TEXTSPLIT(F65,",",),0,2)+$J$1,$J$1))/2,0))} -> 4 | P6: {=INDEX($D$2:$H$6,ROUNDUP(IF(MOD($J6+INDEX(_xlfn.TEXTSPLIT(G65,",",),0,1)+$J$1,$J$1)=0,$J$1,MOD($J6+INDEX(_xlfn.TEXTSPLIT(G65,",",),0,1)+$J$1,$J$1))/2,0),ROUNDUP(IF(MOD(P$1+INDEX(_xlfn.TEXTSPLIT(G65,",",),0,2)+$J$1,$J$1)=0,$J$1,MOD(P$1+INDEX(_xlfn.TEXTSPLIT(G65,",",),0,2)+$J$1,$J$1))/2,0))} -> 8 | Q6: {=INDEX($D$2:$H$6,ROUNDUP(IF(MOD($J6+INDEX(_xlfn.TEXTSPLIT(H65,",",),0,1)+$J$1,$J$1)=0,$J$1,MOD($J6+INDEX(_xlfn.TEXTSPLIT(H65,",",),0,1)+$J$1,$J$1))/2,0),ROUNDUP(IF(MOD(Q$1+INDEX(_xlfn.TEXTSPLIT(H65,",",),0,2)+$J$1,$J$1)=0,$J$1,MOD(Q$1+INDEX(_xlfn.TEXTSPLIT(H65,",",),0,2)+$J$1,$J$1))/2,0))} -> 8 | R6: {=INDEX($D$2:$H$6,ROUNDUP(IF(MOD($J6+INDEX(_xlfn.TEXTSPLIT(I65,",",),0,1)+$J$1,$J$1)=0,$J$1,MOD($J6+INDEX(_xlfn.TEXTSPLIT(I65,",",),0,1)+$J$1,$J$1))/2,0),ROUNDUP(IF(MOD(R$1+INDEX(_xlfn.TEXTSPLIT(I65,",",),0,2)+$J$1,$J$1)=0,$J$1,MOD(R$1+INDEX(_xlfn.TEXTSPLIT(I65,",",),0,2)+$J$1,$J$1))/2,0))} -> 8 | ... T6: {=INDEX($D$2:$H$6,ROUNDUP(IF(MOD($J6+INDEX(_xlfn.TEXTSPLIT(K65,",",),0,1)+$J$1,$J$1)=0,$J$1,MOD($J6+INDEX(_xlfn.TEXTSPLIT(K65,",",),0,1)+$J$1,$J$1))/2,0),ROUNDUP(IF(MOD(T$1+INDEX(_xlfn.TEXTSPLIT(K65,",",),0,2)+$J$1,$J$1)=0,$J$1,MOD(T$1+INDEX(_xlfn.TEXTSPLIT(K65,",",),0,2)+$J$1,$J$1))/2,0))} -> 8 | AC6: 5 | AD6: {=INDEX($X$2:$AA$5,ROUNDUP(IF(MOD($AC6+INDEX(_xlfn.TEXTSPLIT(N65,",",),0,1)+$AC$1,$AC$1)=0,$AC$1,MOD($AC6+INDEX(_xlfn.TEXTSPLIT(N65,",",),0,1)+$AC$1,$AC$1))/2,0),ROUNDUP(IF(MOD(AD$1+INDEX(_xlfn.TEXTSPLIT(N65,",",),0,2)+$AC$1,$AC$1)=0,$AC$1,MOD(AD$1+INDEX(_xlfn.TEXTSPLIT(N65,",",),0,2)+$AC$1,$AC$1))/2,0))} -> -3 | AE6: {=INDEX($X$2:$AA$5,ROUNDUP(IF(MOD($AC6+INDEX(_xlfn.TEXTSPLIT(O65,",",),0,1)+$AC$1,$AC$1)=0,$AC$1,MOD($AC6+INDEX(_xlfn.TEXTSPLIT(O65,",",),0,1)+$AC$1,$AC$1))/2,0),ROUNDUP(IF(MOD(AE$1+INDEX(_xlfn.TEXTSPLIT(O65,",",),0,2)+$AC$1,$AC$1)=0,$AC$1,MOD(AE$1+INDEX(_xlfn.TEXTSPLIT(O65,",",),0,2)+$AC$1,$AC$1))/2,0))} -> -1 | AF6: {=INDEX($X$2:$AA$5,ROUNDUP(IF(MOD($AC6+INDEX(_xlfn.TEXTSPLIT(P65,",",),0,1)+$AC$1,$AC$1)=0,$AC$1,MOD($AC6+INDEX(_xlfn.TEXTSPLIT(P65,",",),0,1)+$AC$1,$AC$1))/2,0),ROUNDUP(IF(MOD(AF$1+INDEX(_xlfn.TEXTSPLIT(P65,",",),0,2)+$AC$1,$AC$1)=0,$AC$1,MOD(AF$1+INDEX(_xlfn.TEXTSPLIT(P65,",",),0,2)+$AC$1,$AC$1))/2,0))} -> -1 | AG6: {=INDEX($X$2:$AA$5,ROUNDUP(IF(MOD($AC6+INDEX(_xlfn.TEXTSPLIT(Q65,",",),0,1)+$AC$1,$AC$1)=0,$AC$1,MOD($AC6+INDEX(_xlfn.TEXTSPLIT(Q65,",",),0,1)+$AC$1,$AC$1))/2,0),ROUNDUP(IF(MOD(AG$1+INDEX(_xlfn.TEXTSPLIT(Q65,",",),0,2)+$AC$1,$AC$1)=0,$AC$1,MOD(AG$1+INDEX(_xlfn.TEXTSPLIT(Q65,",",),0,2)+$AC$1,$AC$1))/2,0))} -> -1 | AH6: {=INDEX($X$2:$AA$5,ROUNDUP(IF(MOD($AC6+INDEX(_xlfn.TEXTSPLIT(R65,",",),0,1)+$AC$1,$AC$1)=0,$AC$1,MOD($AC6+INDEX(_xlfn.TEXTSPLIT(R65,",",),0,1)+$AC$1,$AC$1))/2,0),ROUNDUP(IF(MOD(AH$1+INDEX(_xlfn.TEXTSPLIT(R65,",",),0,2)+$AC$1,$AC$1)=0,$AC$1,MOD(AH$1+INDEX(_xlfn.TEXTSPLIT(R65,",",),0,2)+$AC$1,$AC$1))/2,0))} -> -1 | AI6: {=INDEX($X$2:$AA$5,ROUNDUP(IF(MOD($AC6+INDEX(_xlfn.TEXTSPLIT(S65,",",),0,1)+$AC$1,$AC$1)=0,$AC$1,MOD($AC6+INDEX(_xlfn.TEXTSPLIT(S65,",",),0,1)+$AC$1,$AC$1))/2,0),ROUNDUP(IF(MOD(AI$1+INDEX(_xlfn.TEXTSPLIT(S65,",",),0,2)+$AC$1,$AC$1)=0,$AC$1,MOD(AI$1+INDEX(_xlfn.TEXTSPLIT(S65,",",),0,2)+$AC$1,$AC$1))/2,0))} -> 0 | AJ6: {=INDEX($X$2:$AA$5,ROUNDUP(IF(MOD($AC6+INDEX(_xlfn.TEXTSPLIT(T65,",",),0,1)+$AC$1,$AC$1)=0,$AC$1,MOD($AC6+INDEX(_xlfn.TEXTSPLIT(T65,",",),0,1)+$AC$1,$AC$1))/2,0),ROUNDUP(IF(MOD(AJ$1+INDEX(_xlfn.TEXTSPLIT(T65,",",),0,2)+$AC$1,$AC$1)=0,$AC$1,MOD(AJ$1+INDEX(_xlfn.TEXTSPLIT(T65,",",),0,2)+$AC$1,$AC$1))/2,0))} -> -1 | AK6: {=INDEX($X$2:$AA$5,ROUNDUP(IF(MOD($AC6+INDEX(_xlfn.TEXTSPLIT(U65,",",),0,1)+$AC$1,$AC$1)=0,$AC$1,MOD($AC6+INDEX(_xlfn.TEXTSPLIT(U65,",",),0,1)+$AC$1,$AC$1))/2,0),ROUNDUP(IF(MOD(AK$1+INDEX(_xlfn.TEXTSPLIT(U65,",",),0,2)+$AC$1,$AC$1)=0,$AC$1,MOD(AK$1+INDEX(_xlfn.TEXTSPLIT(U65,",",),0,2)+$AC$1,$AC$1))/2,0))} -> 0
A7: =ROUND(25*E8,0) -> 5 | D7: How Many | E7: Percent | J7: 6 | K7: {=INDEX($D$2:$H$6,ROUNDUP(IF(MOD($J7+INDEX(_xlfn.TEXTSPLIT(B66,",",),0,1)+$J$1,$J$1)=0,$J$1,MOD($J7+INDEX(_xlfn.TEXTSPLIT(B66,",",),0,1)+$J$1,$J$1))/2,0),ROUNDUP(IF(MOD(K$1+INDEX(_xlfn.TEXTSPLIT(B66,",",),0,2)+$J$1,$J$1)=0,$J$1,MOD(K$1+INDEX(_xlfn.TEXTSPLIT(B66,",",),0,2)+$J$1,$J$1))/2,0))} -> 4 | L7: {=INDEX($D$2:$H$6,ROUNDUP(IF(MOD($J7+INDEX(_xlfn.TEXTSPLIT(C66,",",),0,1)+$J$1,$J$1)=0,$J$1,MOD($J7+INDEX(_xlfn.TEXTSPLIT(C66,",",),0,1)+$J$1,$J$1))/2,0),ROUNDUP(IF(MOD(L$1+INDEX(_xlfn.TEXTSPLIT(C66,",",),0,2)+$J$1,$J$1)=0,$J$1,MOD(L$1+INDEX(_xlfn.TEXTSPLIT(C66,",",),0,2)+$J$1,$J$1))/2,0))} -> 4 | M7: {=INDEX($D$2:$H$6,ROUNDUP(IF(MOD($J7+INDEX(_xlfn.TEXTSPLIT(D66,",",),0,1)+$J$1,$J$1)=0,$J$1,MOD($J7+INDEX(_xlfn.TEXTSPLIT(D66,",",),0,1)+$J$1,$J$1))/2,0),ROUNDUP(IF(MOD(M$1+INDEX(_xlfn.TEXTSPLIT(D66,",",),0,2)+$J$1,$J$1)=0,$J$1,MOD(M$1+INDEX(_xlfn.TEXTSPLIT(D66,",",),0,2)+$J$1,$J$1))/2,0))} -> 8 | N7: {=INDEX($D$2:$H$6,ROUNDUP(IF(MOD($J7+INDEX(_xlfn.TEXTSPLIT(E66,",",),0,1)+$J$1,$J$1)=0,$J$1,MOD($J7+INDEX(_xlfn.TEXTSPLIT(E66,",",),0,1)+$J$1,$J$1))/2,0),ROUNDUP(IF(MOD(N$1+INDEX(_xlfn.TEXTSPLIT(E66,",",),0,2)+$J$1,$J$1)=0,$J$1,MOD(N$1+INDEX(_xlfn.TEXTSPLIT(E66,",",),0,2)+$J$1,$J$1))/2,0))} -> 8 | O7: {=INDEX($D$2:$H$6,ROUNDUP(IF(MOD($J7+INDEX(_xlfn.TEXTSPLIT(F66,",",),0,1)+$J$1,$J$1)=0,$J$1,MOD($J7+INDEX(_xlfn.TEXTSPLIT(F66,",",),0,1)+$J$1,$J$1))/2,0),ROUNDUP(IF(MOD(O$1+INDEX(_xlfn.TEXTSPLIT(F66,",",),0,2)+$J$1,$J$1)=0,$J$1,MOD(O$1+INDEX(_xlfn.TEXTSPLIT(F66,",",),0,2)+$J$1,$J$1))/2,0))} -> 8 | P7: {=INDEX($D$2:$H$6,ROUNDUP(IF(MOD($J7+INDEX(_xlfn.TEXTSPLIT(G66,",",),0,1)+$J$1,$J$1)=0,$J$1,MOD($J7+INDEX(_xlfn.TEXTSPLIT(G66,",",),0,1)+$J$1,$J$1))/2,0),ROUNDUP(IF(MOD(P$1+INDEX(_xlfn.TEXTSPLIT(G66,",",),0,2)+$J$1,$J$1)=0,$J$1,MOD(P$1+INDEX(_xlfn.TEXTSPLIT(G66,",",),0,2)+$J$1,$J$1))/2,0))} -> 8 | Q7: {=INDEX($D$2:$H$6,ROUNDUP(IF(MOD($J7+INDEX(_xlfn.TEXTSPLIT(H66,",",),0,1)+$J$1,$J$1)=0,$J$1,MOD($J7+INDEX(_xlfn.TEXTSPLIT(H66,",",),0,1)+$J$1,$J$1))/2,0),ROUNDUP(IF(MOD(Q$1+INDEX(_xlfn.TEXTSPLIT(H66,",",),0,2)+$J$1,$J$1)=0,$J$1,MOD(Q$1+INDEX(_xlfn.TEXTSPLIT(H66,",",),0,2)+$J$1,$J$1))/2,0))} -> 8 | R7: {=INDEX($D$2:$H$6,ROUNDUP(IF(MOD($J7+INDEX(_xlfn.TEXTSPLIT(I66,",",),0,1)+$J$1,$J$1)=0,$J$1,MOD($J7+INDEX(_xlfn.TEXTSPLIT(I66,",",),0,1)+$J$1,$J$1))/2,0),ROUNDUP(IF(MOD(R$1+INDEX(_xlfn.TEXTSPLIT(I66,",",),0,2)+$J$1,$J$1)=0,$J$1,MOD(R$1+INDEX(_xlfn.TEXTSPLIT(I66,",",),0,2)+$J$1,$J$1))/2,0))} -> 8 | ... T7: {=INDEX($D$2:$H$6,ROUNDUP(IF(MOD($J7+INDEX(_xlfn.TEXTSPLIT(K66,",",),0,1)+$J$1,$J$1)=0,$J$1,MOD($J7+INDEX(_xlfn.TEXTSPLIT(K66,",",),0,1)+$J$1,$J$1))/2,0),ROUNDUP(IF(MOD(T$1+INDEX(_xlfn.TEXTSPLIT(K66,",",),0,2)+$J$1,$J$1)=0,$J$1,MOD(T$1+INDEX(_xlfn.TEXTSPLIT(K66,",",),0,2)+$J$1,$J$1))/2,0))} -> 8 | AC7: 6 | AD7: {=INDEX($X$2:$AA$5,ROUNDUP(IF(MOD($AC7+INDEX(_xlfn.TEXTSPLIT(N66,",",),0,1)+$AC$1,$AC$1)=0,$AC$1,MOD($AC7+INDEX(_xlfn.TEXTSPLIT(N66,",",),0,1)+$AC$1,$AC$1))/2,0),ROUNDUP(IF(MOD(AD$1+INDEX(_xlfn.TEXTSPLIT(N66,",",),0,2)+$AC$1,$AC$1)=0,$AC$1,MOD(AD$1+INDEX(_xlfn.TEXTSPLIT(N66,",",),0,2)+$AC$1,$AC$1))/2,0))} -> -2 | AE7: {=INDEX($X$2:$AA$5,ROUNDUP(IF(MOD($AC7+INDEX(_xlfn.TEXTSPLIT(O66,",",),0,1)+$AC$1,$AC$1)=0,$AC$1,MOD($AC7+INDEX(_xlfn.TEXTSPLIT(O66,",",),0,1)+$AC$1,$AC$1))/2,0),ROUNDUP(IF(MOD(AE$1+INDEX(_xlfn.TEXTSPLIT(O66,",",),0,2)+$AC$1,$AC$1)=0,$AC$1,MOD(AE$1+INDEX(_xlfn.TEXTSPLIT(O66,",",),0,2)+$AC$1,$AC$1))/2,0))} -> -1 | AF7: {=INDEX($X$2:$AA$5,ROUNDUP(IF(MOD($AC7+INDEX(_xlfn.TEXTSPLIT(P66,",",),0,1)+$AC$1,$AC$1)=0,$AC$1,MOD($AC7+INDEX(_xlfn.TEXTSPLIT(P66,",",),0,1)+$AC$1,$AC$1))/2,0),ROUNDUP(IF(MOD(AF$1+INDEX(_xlfn.TEXTSPLIT(P66,",",),0,2)+$AC$1,$AC$1)=0,$AC$1,MOD(AF$1+INDEX(_xlfn.TEXTSPLIT(P66,",",),0,2)+$AC$1,$AC$1))/2,0))} -> -2 | AG7: {=INDEX($X$2:$AA$5,ROUNDUP(IF(MOD($AC7+INDEX(_xlfn.TEXTSPLIT(Q66,",",),0,1)+$AC$1,$AC$1)=0,$AC$1,MOD($AC7+INDEX(_xlfn.TEXTSPLIT(Q66,",",),0,1)+$AC$1,$AC$1))/2,0),ROUNDUP(IF(MOD(AG$1+INDEX(_xlfn.TEXTSPLIT(Q66,",",),0,2)+$AC$1,$AC$1)=0,$AC$1,MOD(AG$1+INDEX(_xlfn.TEXTSPLIT(Q66,",",),0,2)+$AC$1,$AC$1))/2,0))} -> 0 | AH7: {=INDEX($X$2:$AA$5,ROUNDUP(IF(MOD($AC7+INDEX(_xlfn.TEXTSPLIT(R66,",",),0,1)+$AC$1,$AC$1)=0,$AC$1,MOD($AC7+INDEX(_xlfn.TEXTSPLIT(R66,",",),0,1)+$AC$1,$AC$1))/2,0),ROUNDUP(IF(MOD(AH$1+INDEX(_xlfn.TEXTSPLIT(R66,",",),0,2)+$AC$1,$AC$1)=0,$AC$1,MOD(AH$1+INDEX(_xlfn.TEXTSPLIT(R66,",",),0,2)+$AC$1,$AC$1))/2,0))} -> -1 | AI7: {=INDEX($X$2:$AA$5,ROUNDUP(IF(MOD($AC7+INDEX(_xlfn.TEXTSPLIT(S66,",",),0,1)+$AC$1,$AC$1)=0,$AC$1,MOD($AC7+INDEX(_xlfn.TEXTSPLIT(S66,",",),0,1)+$AC$1,$AC$1))/2,0),ROUNDUP(IF(MOD(AI$1+INDEX(_xlfn.TEXTSPLIT(S66,",",),0,2)+$AC$1,$AC$1)=0,$AC$1,MOD(AI$1+INDEX(_xlfn.TEXTSPLIT(S66,",",),0,2)+$AC$1,$AC$1))/2,0))} -> -1 | AJ7: {=INDEX($X$2:$AA$5,ROUNDUP(IF(MOD($AC7+INDEX(_xlfn.TEXTSPLIT(T66,",",),0,1)+$AC$1,$AC$1)=0,$AC$1,MOD($AC7+INDEX(_xlfn.TEXTSPLIT(T66,",",),0,1)+$AC$1,$AC$1))/2,0),ROUNDUP(IF(MOD(AJ$1+INDEX(_xlfn.TEXTSPLIT(T66,",",),0,2)+$AC$1,$AC$1)=0,$AC$1,MOD(AJ$1+INDEX(_xlfn.TEXTSPLIT(T66,",",),0,2)+$AC$1,$AC$1))/2,0))} -> 0 | AK7: {=INDEX($X$2:$AA$5,ROUNDUP(IF(MOD($AC7+INDEX(_xlfn.TEXTSPLIT(U66,",",),0,1)+$AC$1,$AC$1)=0,$AC$1,MOD($AC7+INDEX(_xlfn.TEXTSPLIT(U66,",",),0,1)+$AC$1,$AC$1))/2,0),ROUNDUP(IF(MOD(AK$1+INDEX(_xlfn.TEXTSPLIT(U66,",",),0,2)+$AC$1,$AC$1)=0,$AC$1,MOD(AK$1+INDEX(_xlfn.TEXTSPLIT(U66,",",),0,2)+$AC$1,$AC$1))/2,0))} -> -1
C8: Land Percent | D8: =COUNTIF(B19:AO58,"<5") -> 326 | E8: =D8/(40*40) -> 0.20375 | J8: 7 | K8: {=INDEX($D$2:$H$6,ROUNDUP(IF(MOD($J8+INDEX(_xlfn.TEXTSPLIT(B67,",",),0,1)+$J$1,$J$1)=0,$J$1,MOD($J8+INDEX(_xlfn.TEXTSPLIT(B67,",",),0,1)+$J$1,$J$1))/2,0),ROUNDUP(IF(MOD(K$1+INDEX(_xlfn.TEXTSPLIT(B67,",",),0,2)+$J$1,$J$1)=0,$J$1,MOD(K$1+INDEX(_xlfn.TEXTSPLIT(B67,",",),0,2)+$J$1,$J$1))/2,0))} -> 8 | L8: {=INDEX($D$2:$H$6,ROUNDUP(IF(MOD($J8+INDEX(_xlfn.TEXTSPLIT(C67,",",),0,1)+$J$1,$J$1)=0,$J$1,MOD($J8+INDEX(_xlfn.TEXTSPLIT(C67,",",),0,1)+$J$1,$J$1))/2,0),ROUNDUP(IF(MOD(L$1+INDEX(_xlfn.TEXTSPLIT(C67,",",),0,2)+$J$1,$J$1)=0,$J$1,MOD(L$1+INDEX(_xlfn.TEXTSPLIT(C67,",",),0,2)+$J$1,$J$1))/2,0))} -> 4 | M8: {=INDEX($D$2:$H$6,ROUNDUP(IF(MOD($J8+INDEX(_xlfn.TEXTSPLIT(D67,",",),0,1)+$J$1,$J$1)=0,$J$1,MOD($J8+INDEX(_xlfn.TEXTSPLIT(D67,",",),0,1)+$J$1,$J$1))/2,0),ROUNDUP(IF(MOD(M$1+INDEX(_xlfn.TEXTSPLIT(D67,",",),0,2)+$J$1,$J$1)=0,$J$1,MOD(M$1+INDEX(_xlfn.TEXTSPLIT(D67,",",),0,2)+$J$1,$J$1))/2,0))} -> 8 | N8: {=INDEX($D$2:$H$6,ROUNDUP(IF(MOD($J8+INDEX(_xlfn.TEXTSPLIT(E67,",",),0,1)+$J$1,$J$1)=0,$J$1,MOD($J8+INDEX(_xlfn.TEXTSPLIT(E67,",",),0,1)+$J$1,$J$1))/2,0),ROUNDUP(IF(MOD(N$1+INDEX(_xlfn.TEXTSPLIT(E67,",",),0,2)+$J$1,$J$1)=0,$J$1,MOD(N$1+INDEX(_xlfn.TEXTSPLIT(E67,",",),0,2)+$J$1,$J$1))/2,0))} -> 8 | O8: {=INDEX($D$2:$H$6,ROUNDUP(IF(MOD($J8+INDEX(_xlfn.TEXTSPLIT(F67,",",),0,1)+$J$1,$J$1)=0,$J$1,MOD($J8+INDEX(_xlfn.TEXTSPLIT(F67,",",),0,1)+$J$1,$J$1))/2,0),ROUNDUP(IF(MOD(O$1+INDEX(_xlfn.TEXTSPLIT(F67,",",),0,2)+$J$1,$J$1)=0,$J$1,MOD(O$1+INDEX(_xlfn.TEXTSPLIT(F67,",",),0,2)+$J$1,$J$1))/2,0))} -> 8 | P8: {=INDEX($D$2:$H$6,ROUNDUP(IF(MOD($J8+INDEX(_xlfn.TEXTSPLIT(G67,",",),0,1)+$J$1,$J$1)=0,$J$1,MOD($J8+INDEX(_xlfn.TEXTSPLIT(G67,",",),0,1)+$J$1,$J$1))/2,0),ROUNDUP(IF(MOD(P$1+INDEX(_xlfn.TEXTSPLIT(G67,",",),0,2)+$J$1,$J$1)=0,$J$1,MOD(P$1+INDEX(_xlfn.TEXTSPLIT(G67,",",),0,2)+$J$1,$J$1))/2,0))} -> 8 | Q8: {=INDEX($D$2:$H$6,ROUNDUP(IF(MOD($J8+INDEX(_xlfn.TEXTSPLIT(H67,",",),0,1)+$J$1,$J$1)=0,$J$1,MOD($J8+INDEX(_xlfn.TEXTSPLIT(H67,",",),0,1)+$J$1,$J$1))/2,0),ROUNDUP(IF(MOD(Q$1+INDEX(_xlfn.TEXTSPLIT(H67,",",),0,2)+$J$1,$J$1)=0,$J$1,MOD(Q$1+INDEX(_xlfn.TEXTSPLIT(H67,",",),0,2)+$J$1,$J$1))/2,0))} -> 8 | R8: {=INDEX($D$2:$H$6,ROUNDUP(IF(MOD($J8+INDEX(_xlfn.TEXTSPLIT(I67,",",),0,1)+$J$1,$J$1)=0,$J$1,MOD($J8+INDEX(_xlfn.TEXTSPLIT(I67,",",),0,1)+$J$1,$J$1))/2,0),ROUNDUP(IF(MOD(R$1+INDEX(_xlfn.TEXTSPLIT(I67,",",),0,2)+$J$1,$J$1)=0,$J$1,MOD(R$1+INDEX(_xlfn.TEXTSPLIT(I67,",",),0,2)+$J$1,$J$1))/2,0))} -> 8 | ... T8: {=INDEX($D$2:$H$6,ROUNDUP(IF(MOD($J8+INDEX(_xlfn.TEXTSPLIT(K67,",",),0,1)+$J$1,$J$1)=0,$J$1,MOD($J8+INDEX(_xlfn.TEXTSPLIT(K67,",",),0,1)+$J$1,$J$1))/2,0),ROUNDUP(IF(MOD(T$1+INDEX(_xlfn.TEXTSPLIT(K67,",",),0,2)+$J$1,$J$1)=0,$J$1,MOD(T$1+INDEX(_xlfn.TEXTSPLIT(K67,",",),0,2)+$J$1,$J$1))/2,0))} -> 8 | U8: 1 | V8: ⤴ | AC8: 7 | AD8: {=INDEX($X$2:$AA$5,ROUNDUP(IF(MOD($AC8+INDEX(_xlfn.TEXTSPLIT(N67,",",),0,1)+$AC$1,$AC$1)=0,$AC$1,MOD($AC8+INDEX(_xlfn.TEXTSPLIT(N67,",",),0,1)+$AC$1,$AC$1))/2,0),ROUNDUP(IF(MOD(AD$1+INDEX(_xlfn.TEXTSPLIT(N67,",",),0,2)+$AC$1,$AC$1)=0,$AC$1,MOD(AD$1+INDEX(_xlfn.TEXTSPLIT(N67,",",),0,2)+$AC$1,$AC$1))/2,0))} -> -1 | AE8: {=INDEX($X$2:$AA$5,ROUNDUP(IF(MOD($AC8+INDEX(_xlfn.TEXTSPLIT(O67,",",),0,1)+$AC$1,$AC$1)=0,$AC$1,MOD($AC8+INDEX(_xlfn.TEXTSPLIT(O67,",",),0,1)+$AC$1,$AC$1))/2,0),ROUNDUP(IF(MOD(AE$1+INDEX(_xlfn.TEXTSPLIT(O67,",",),0,2)+$AC$1,$AC$1)=0,$AC$1,MOD(AE$1+INDEX(_xlfn.TEXTSPLIT(O67,",",),0,2)+$AC$1,$AC$1))/2,0))} -> -1 | AF8: {=INDEX($X$2:$AA$5,ROUNDUP(IF(MOD($AC8+INDEX(_xlfn.TEXTSPLIT(P67,",",),0,1)+$AC$1,$AC$1)=0,$AC$1,MOD($AC8+INDEX(_xlfn.TEXTSPLIT(P67,",",),0,1)+$AC$1,$AC$1))/2,0),ROUNDUP(IF(MOD(AF$1+INDEX(_xlfn.TEXTSPLIT(P67,",",),0,2)+$AC$1,$AC$1)=0,$AC$1,MOD(AF$1+INDEX(_xlfn.TEXTSPLIT(P67,",",),0,2)+$AC$1,$AC$1))/2,0))} -> -1 | AG8: {=INDEX($X$2:$AA$5,ROUNDUP(IF(MOD($AC8+INDEX(_xlfn.TEXTSPLIT(Q67,",",),0,1)+$AC$1,$AC$1)=0,$AC$1,MOD($AC8+INDEX(_xlfn.TEXTSPLIT(Q67,",",),0,1)+$AC$1,$AC$1))/2,0),ROUNDUP(IF(MOD(AG$1+INDEX(_xlfn.TEXTSPLIT(Q67,",",),0,2)+$AC$1,$AC$1)=0,$AC$1,MOD(AG$1+INDEX(_xlfn.TEXTSPLIT(Q67,",",),0,2)+$AC$1,$AC$1))/2,0))} -> -1 | AH8: {=INDEX($X$2:$AA$5,ROUNDUP(IF(MOD($AC8+INDEX(_xlfn.TEXTSPLIT(R67,",",),0,1)+$AC$1,$AC$1)=0,$AC$1,MOD($AC8+INDEX(_xlfn.TEXTSPLIT(R67,",",),0,1)+$AC$1,$AC$1))/2,0),ROUNDUP(IF(MOD(AH$1+INDEX(_xlfn.TEXTSPLIT(R67,",",),0,2)+$AC$1,$AC$1)=0,$AC$1,MOD(AH$1+INDEX(_xlfn.TEXTSPLIT(R67,",",),0,2)+$AC$1,$AC$1))/2,0))} -> -1 | AI8: {=INDEX($X$2:$AA$5,ROUNDUP(IF(MOD($AC8+INDEX(_xlfn.TEXTSPLIT(S67,",",),0,1)+$AC$1,$AC$1)=0,$AC$1,MOD($AC8+INDEX(_xlfn.TEXTSPLIT(S67,",",),0,1)+$AC$1,$AC$1))/2,0),ROUNDUP(IF(MOD(AI$1+INDEX(_xlfn.TEXTSPLIT(S67,",",),0,2)+$AC$1,$AC$1)=0,$AC$1,MOD(AI$1+INDEX(_xlfn.TEXTSPLIT(S67,",",),0,2)+$AC$1,$AC$1))/2,0))} -> 0 | AJ8: {=INDEX($X$2:$AA$5,ROUNDUP(IF(MOD($AC8+INDEX(_xlfn.TEXTSPLIT(T67,",",),0,1)+$AC$1,$AC$1)=0,$AC$1,MOD($AC8+INDEX(_xlfn.TEXTSPLIT(T67,",",),0,1)+$AC$1,$AC$1))/2,0),ROUNDUP(IF(MOD(AJ$1+INDEX(_xlfn.TEXTSPLIT(T67,",",),0,2)+$AC$1,$AC$1)=0,$AC$1,MOD(AJ$1+INDEX(_xlfn.TEXTSPLIT(T67,",",),0,2)+$AC$1,$AC$1))/2,0))} -> -3 | AK8: {=INDEX($X$2:$AA$5,ROUNDUP(IF(MOD($AC8+INDEX(_xlfn.TEXTSPLIT(U67,",",),0,1)+$AC$1,$AC$1)=0,$AC$1,MOD($AC8+INDEX(_xlfn.TEXTSPLIT(U67,",",),0,1)+$AC$1,$AC$1))/2,0),ROUNDUP(IF(MOD(AK$1+INDEX(_xlfn.TEXTSPLIT(U67,",",),0,2)+$AC$1,$AC$1)=0,$AC$1,MOD(AK$1+INDEX(_xlfn.TEXTSPLIT(U67,",",),0,2)+$AC$1,$AC$1))/2,0))} -> -3
C9: Ft^2 | D9: =#REF! -> #REF! | E9: =E8*D9 -> #REF! | F9: =E9/D8 -> #REF! | J9: 8 | K9: {=INDEX($D$2:$H$6,ROUNDUP(IF(MOD($J9+INDEX(_xlfn.TEXTSPLIT(B68,",",),0,1)+$J$1,$J$1)=0,$J$1,MOD($J9+INDEX(_xlfn.TEXTSPLIT(B68,",",),0,1)+$J$1,$J$1))/2,0),ROUNDUP(IF(MOD(K$1+INDEX(_xlfn.TEXTSPLIT(B68,",",),0,2)+$J$1,$J$1)=0,$J$1,MOD(K$1+INDEX(_xlfn.TEXTSPLIT(B68,",",),0,2)+$J$1,$J$1))/2,0))} -> 4 | L9: {=INDEX($D$2:$H$6,ROUNDUP(IF(MOD($J9+INDEX(_xlfn.TEXTSPLIT(C68,",",),0,1)+$J$1,$J$1)=0,$J$1,MOD($J9+INDEX(_xlfn.TEXTSPLIT(C68,",",),0,1)+$J$1,$J$1))/2,0),ROUNDUP(IF(MOD(L$1+INDEX(_xlfn.TEXTSPLIT(C68,",",),0,2)+$J$1,$J$1)=0,$J$1,MOD(L$1+INDEX(_xlfn.TEXTSPLIT(C68,",",),0,2)+$J$1,$J$1))/2,0))} -> 4 | M9: {=INDEX($D$2:$H$6,ROUNDUP(IF(MOD($J9+INDEX(_xlfn.TEXTSPLIT(D68,",",),0,1)+$J$1,$J$1)=0,$J$1,MOD($J9+INDEX(_xlfn.TEXTSPLIT(D68,",",),0,1)+$J$1,$J$1))/2,0),ROUNDUP(IF(MOD(M$1+INDEX(_xlfn.TEXTSPLIT(D68,",",),0,2)+$J$1,$J$1)=0,$J$1,MOD(M$1+INDEX(_xlfn.TEXTSPLIT(D68,",",),0,2)+$J$1,$J$1))/2,0))} -> 8 | N9: {=INDEX($D$2:$H$6,ROUNDUP(IF(MOD($J9+INDEX(_xlfn.TEXTSPLIT(E68,",",),0,1)+$J$1,$J$1)=0,$J$1,MOD($J9+INDEX(_xlfn.TEXTSPLIT(E68,",",),0,1)+$J$1,$J$1))/2,0),ROUNDUP(IF(MOD(N$1+INDEX(_xlfn.TEXTSPLIT(E68,",",),0,2)+$J$1,$J$1)=0,$J$1,MOD(N$1+INDEX(_xlfn.TEXTSPLIT(E68,",",),0,2)+$J$1,$J$1))/2,0))} -> 8 | O9: {=INDEX($D$2:$H$6,ROUNDUP(IF(MOD($J9+INDEX(_xlfn.TEXTSPLIT(F68,",",),0,1)+$J$1,$J$1)=0,$J$1,MOD($J9+INDEX(_xlfn.TEXTSPLIT(F68,",",),0,1)+$J$1,$J$1))/2,0),ROUNDUP(IF(MOD(O$1+INDEX(_xlfn.TEXTSPLIT(F68,",",),0,2)+$J$1,$J$1)=0,$J$1,MOD(O$1+INDEX(_xlfn.TEXTSPLIT(F68,",",),0,2)+$J$1,$J$1))/2,0))} -> 8 | P9: {=INDEX($D$2:$H$6,ROUNDUP(IF(MOD($J9+INDEX(_xlfn.TEXTSPLIT(G68,",",),0,1)+$J$1,$J$1)=0,$J$1,MOD($J9+INDEX(_xlfn.TEXTSPLIT(G68,",",),0,1)+$J$1,$J$1))/2,0),ROUNDUP(IF(MOD(P$1+INDEX(_xlfn.TEXTSPLIT(G68,",",),0,2)+$J$1,$J$1)=0,$J$1,MOD(P$1+INDEX(_xlfn.TEXTSPLIT(G68,",",),0,2)+$J$1,$J$1))/2,0))} -> 8 | Q9: {=INDEX($D$2:$H$6,ROUNDUP(IF(MOD($J9+INDEX(_xlfn.TEXTSPLIT(H68,",",),0,1)+$J$1,$J$1)=0,$J$1,MOD($J9+INDEX(_xlfn.TEXTSPLIT(H68,",",),0,1)+$J$1,$J$1))/2,0),ROUNDUP(IF(MOD(Q$1+INDEX(_xlfn.TEXTSPLIT(H68,",",),0,2)+$J$1,$J$1)=0,$J$1,MOD(Q$1+INDEX(_xlfn.TEXTSPLIT(H68,",",),0,2)+$J$1,$J$1))/2,0))} -> 8 | R9: {=INDEX($D$2:$H$6,ROUNDUP(IF(MOD($J9+INDEX(_xlfn.TEXTSPLIT(I68,",",),0,1)+$J$1,$J$1)=0,$J$1,MOD($J9+INDEX(_xlfn.TEXTSPLIT(I68,",",),0,1)+$J$1,$J$1))/2,0),ROUNDUP(IF(MOD(R$1+INDEX(_xlfn.TEXTSPLIT(I68,",",),0,2)+$J$1,$J$1)=0,$J$1,MOD(R$1+INDEX(_xlfn.TEXTSPLIT(I68,",",),0,2)+$J$1,$J$1))/2,0))} -> 8 | ... T9: {=INDEX($D$2:$H$6,ROUNDUP(IF(MOD($J9+INDEX(_xlfn.TEXTSPLIT(K68,",",),0,1)+$J$1,$J$1)=0,$J$1,MOD($J9+INDEX(_xlfn.TEXTSPLIT(K68,",",),0,1)+$J$1,$J$1))/2,0),ROUNDUP(IF(MOD(T$1+INDEX(_xlfn.TEXTSPLIT(K68,",",),0,2)+$J$1,$J$1)=0,$J$1,MOD(T$1+INDEX(_xlfn.TEXTSPLIT(K68,",",),0,2)+$J$1,$J$1))/2,0))} -> 8 | U9: 2 | V9: ↪ | AC9: 8 | AD9: {=INDEX($X$2:$AA$5,ROUNDUP($AC9/2,0),ROUNDUP(IF(MOD(AD$1+INDEX(_xlfn.TEXTSPLIT(N68,",",),0,2)+$AC$1,$AC$1)=0,$AC$1,MOD(AD$1+INDEX(_xlfn.TEXTSPLIT(N68,",",),0,2)+$AC$1,$AC$1))/2,0))} -> -3 | AE9: {=INDEX($X$2:$AA$5,ROUNDUP($AC9/2,0),ROUNDUP(IF(MOD(AE$1+INDEX(_xlfn.TEXTSPLIT(O68,",",),0,2)+$AC$1,$AC$1)=0,$AC$1,MOD(AE$1+INDEX(_xlfn.TEXTSPLIT(O68,",",),0,2)+$AC$1,$AC$1))/2,0))} -> -1 | AF9: {=INDEX($X$2:$AA$5,ROUNDUP($AC9/2,0),ROUNDUP(IF(MOD(AF$1+INDEX(_xlfn.TEXTSPLIT(P68,",",),0,2)+$AC$1,$AC$1)=0,$AC$1,MOD(AF$1+INDEX(_xlfn.TEXTSPLIT(P68,",",),0,2)+$AC$1,$AC$1))/2,0))} -> -1 | AG9: {=INDEX($X$2:$AA$5,ROUNDUP($AC9/2,0),ROUNDUP(IF(MOD(AG$1+INDEX(_xlfn.TEXTSPLIT(Q68,",",),0,2)+$AC$1,$AC$1)=0,$AC$1,MOD(AG$1+INDEX(_xlfn.TEXTSPLIT(Q68,",",),0,2)+$AC$1,$AC$1))/2,0))} -> 0 | AH9: {=INDEX($X$2:$AA$5,ROUNDUP($AC9/2,0),ROUNDUP(IF(MOD(AH$1+INDEX(_xlfn.TEXTSPLIT(R68,",",),0,2)+$AC$1,$AC$1)=0,$AC$1,MOD(AH$1+INDEX(_xlfn.TEXTSPLIT(R68,",",),0,2)+$AC$1,$AC$1))/2,0))} -> -1 | AI9: {=INDEX($X$2:$AA$5,ROUNDUP($AC9/2,0),ROUNDUP(IF(MOD(AI$1+INDEX(_xlfn.TEXTSPLIT(S68,",",),0,2)+$AC$1,$AC$1)=0,$AC$1,MOD(AI$1+INDEX(_xlfn.TEXTSPLIT(S68,",",),0,2)+$AC$1,$AC$1))/2,0))} -> 0 | AJ9: {=INDEX($X$2:$AA$5,ROUNDUP($AC9/2,0),ROUNDUP(IF(MOD(AJ$1+INDEX(_xlfn.TEXTSPLIT(T68,",",),0,2)+$AC$1,$AC$1)=0,$AC$1,MOD(AJ$1+INDEX(_xlfn.TEXTSPLIT(T68,",",),0,2)+$AC$1,$AC$1))/2,0))} -> 0 | AK9: {=INDEX($X$2:$AA$5,ROUNDUP($AC9/2,0),ROUNDUP(IF(MOD(AK$1+INDEX(_xlfn.TEXTSPLIT(U68,",",),0,2)+$AC$1,$AC$1)=0,$AC$1,MOD(AK$1+INDEX(_xlfn.TEXTSPLIT(U68,",",),0,2)+$AC$1,$AC$1))/2,0))} -> -1
J10: 9 | K10: {=INDEX($D$2:$H$6,ROUNDUP(IF(MOD($J10+INDEX(_xlfn.TEXTSPLIT(B69,",",),0,1)+$J$1,$J$1)=0,$J$1,MOD($J10+INDEX(_xlfn.TEXTSPLIT(B69,",",),0,1)+$J$1,$J$1))/2,0),ROUNDUP(IF(MOD(K$1+INDEX(_xlfn.TEXTSPLIT(B69,",",),0,2)+$J$1,$J$1)=0,$J$1,MOD(K$1+INDEX(_xlfn.TEXTSPLIT(B69,",",),0,2)+$J$1,$J$1))/2,0))} -> 8 | L10: {=INDEX($D$2:$H$6,ROUNDUP(IF(MOD($J10+INDEX(_xlfn.TEXTSPLIT(C69,",",),0,1)+$J$1,$J$1)=0,$J$1,MOD($J10+INDEX(_xlfn.TEXTSPLIT(C69,",",),0,1)+$J$1,$J$1))/2,0),ROUNDUP(IF(MOD(L$1+INDEX(_xlfn.TEXTSPLIT(C69,",",),0,2)+$J$1,$J$1)=0,$J$1,MOD(L$1+INDEX(_xlfn.TEXTSPLIT(C69,",",),0,2)+$J$1,$J$1))/2,0))} -> 8 | M10: {=INDEX($D$2:$H$6,ROUNDUP(IF(MOD($J10+INDEX(_xlfn.TEXTSPLIT(D69,",",),0,1)+$J$1,$J$1)=0,$J$1,MOD($J10+INDEX(_xlfn.TEXTSPLIT(D69,",",),0,1)+$J$1,$J$1))/2,0),ROUNDUP(IF(MOD(M$1+INDEX(_xlfn.TEXTSPLIT(D69,",",),0,2)+$J$1,$J$1)=0,$J$1,MOD(M$1+INDEX(_xlfn.TEXTSPLIT(D69,",",),0,2)+$J$1,$J$1))/2,0))} -> 4 | N10: {=INDEX($D$2:$H$6,ROUNDUP(IF(MOD($J10+INDEX(_xlfn.TEXTSPLIT(E69,",",),0,1)+$J$1,$J$1)=0,$J$1,MOD($J10+INDEX(_xlfn.TEXTSPLIT(E69,",",),0,1)+$J$1,$J$1))/2,0),ROUNDUP(IF(MOD(N$1+INDEX(_xlfn.TEXTSPLIT(E69,",",),0,2)+$J$1,$J$1)=0,$J$1,MOD(N$1+INDEX(_xlfn.TEXTSPLIT(E69,",",),0,2)+$J$1,$J$1))/2,0))} -> 4 | O10: {=INDEX($D$2:$H$6,ROUNDUP(IF(MOD($J10+INDEX(_xlfn.TEXTSPLIT(F69,",",),0,1)+$J$1,$J$1)=0,$J$1,MOD($J10+INDEX(_xlfn.TEXTSPLIT(F69,",",),0,1)+$J$1,$J$1))/2,0),ROUNDUP(IF(MOD(O$1+INDEX(_xlfn.TEXTSPLIT(F69,",",),0,2)+$J$1,$J$1)=0,$J$1,MOD(O$1+INDEX(_xlfn.TEXTSPLIT(F69,",",),0,2)+$J$1,$J$1))/2,0))} -> 8 | P10: {=INDEX($D$2:$H$6,ROUNDUP(IF(MOD($J10+INDEX(_xlfn.TEXTSPLIT(G69,",",),0,1)+$J$1,$J$1)=0,$J$1,MOD($J10+INDEX(_xlfn.TEXTSPLIT(G69,",",),0,1)+$J$1,$J$1))/2,0),ROUNDUP(IF(MOD(P$1+INDEX(_xlfn.TEXTSPLIT(G69,",",),0,2)+$J$1,$J$1)=0,$J$1,MOD(P$1+INDEX(_xlfn.TEXTSPLIT(G69,",",),0,2)+$J$1,$J$1))/2,0))} -> 8 | Q10: {=INDEX($D$2:$H$6,ROUNDUP(IF(MOD($J10+INDEX(_xlfn.TEXTSPLIT(H69,",",),0,1)+$J$1,$J$1)=0,$J$1,MOD($J10+INDEX(_xlfn.TEXTSPLIT(H69,",",),0,1)+$J$1,$J$1))/2,0),ROUNDUP(IF(MOD(Q$1+INDEX(_xlfn.TEXTSPLIT(H69,",",),0,2)+$J$1,$J$1)=0,$J$1,MOD(Q$1+INDEX(_xlfn.TEXTSPLIT(H69,",",),0,2)+$J$1,$J$1))/2,0))} -> 8 | R10: {=INDEX($D$2:$H$6,ROUNDUP(IF(MOD($J10+INDEX(_xlfn.TEXTSPLIT(I69,",",),0,1)+$J$1,$J$1)=0,$J$1,MOD($J10+INDEX(_xlfn.TEXTSPLIT(I69,",",),0,1)+$J$1,$J$1))/2,0),ROUNDUP(IF(MOD(R$1+INDEX(_xlfn.TEXTSPLIT(I69,",",),0,2)+$J$1,$J$1)=0,$J$1,MOD(R$1+INDEX(_xlfn.TEXTSPLIT(I69,",",),0,2)+$J$1,$J$1))/2,0))} -> 8 | ... T10: {=INDEX($D$2:$H$6,ROUNDUP(IF(MOD($J10+INDEX(_xlfn.TEXTSPLIT(K69,",",),0,1)+$J$1,$J$1)=0,$J$1,MOD($J10+INDEX(_xlfn.TEXTSPLIT(K69,",",),0,1)+$J$1,$J$1))/2,0),ROUNDUP(IF(MOD(T$1+INDEX(_xlfn.TEXTSPLIT(K69,",",),0,2)+$J$1,$J$1)=0,$J$1,MOD(T$1+INDEX(_xlfn.TEXTSPLIT(K69,",",),0,2)+$J$1,$J$1))/2,0))} -> 8 | U10: 3 | V10: ⤵
J11: 10 | K11: {=INDEX($D$2:$H$6,ROUNDUP($J11/2,0),ROUNDUP(IF(MOD(K$1+INDEX(_xlfn.TEXTSPLIT(B70,",",),0,2)+$J$1,$J$1)=0,$J$1,MOD(K$1+INDEX(_xlfn.TEXTSPLIT(B70,",",),0,2)+$J$1,$J$1))/2,0))} -> 8 | L11: {=INDEX($D$2:$H$6,ROUNDUP($J11/2,0),ROUNDUP(IF(MOD(L$1+INDEX(_xlfn.TEXTSPLIT(C70,",",),0,2)+$J$1,$J$1)=0,$J$1,MOD(L$1+INDEX(_xlfn.TEXTSPLIT(C70,",",),0,2)+$J$1,$J$1))/2,0))} -> 4 | M11: {=INDEX($D$2:$H$6,ROUNDUP($J11/2,0),ROUNDUP(IF(MOD(M$1+INDEX(_xlfn.TEXTSPLIT(D70,",",),0,2)+$J$1,$J$1)=0,$J$1,MOD(M$1+INDEX(_xlfn.TEXTSPLIT(D70,",",),0,2)+$J$1,$J$1))/2,0))} -> 8 | N11: {=INDEX($D$2:$H$6,ROUNDUP($J11/2,0),ROUNDUP(IF(MOD(N$1+INDEX(_xlfn.TEXTSPLIT(E70,",",),0,2)+$J$1,$J$1)=0,$J$1,MOD(N$1+INDEX(_xlfn.TEXTSPLIT(E70,",",),0,2)+$J$1,$J$1))/2,0))} -> 4 | O11: {=INDEX($D$2:$H$6,ROUNDUP($J11/2,0),ROUNDUP(IF(MOD(O$1+INDEX(_xlfn.TEXTSPLIT(F70,",",),0,2)+$J$1,$J$1)=0,$J$1,MOD(O$1+INDEX(_xlfn.TEXTSPLIT(F70,",",),0,2)+$J$1,$J$1))/2,0))} -> 4 | P11: {=INDEX($D$2:$H$6,ROUNDUP($J11/2,0),ROUNDUP(IF(MOD(P$1+INDEX(_xlfn.TEXTSPLIT(G70,",",),0,2)+$J$1,$J$1)=0,$J$1,MOD(P$1+INDEX(_xlfn.TEXTSPLIT(G70,",",),0,2)+$J$1,$J$1))/2,0))} -> 8 | Q11: {=INDEX($D$2:$H$6,ROUNDUP($J11/2,0),ROUNDUP(IF(MOD(Q$1+INDEX(_xlfn.TEXTSPLIT(H70,",",),0,2)+$J$1,$J$1)=0,$J$1,MOD(Q$1+INDEX(_xlfn.TEXTSPLIT(H70,",",),0,2)+$J$1,$J$1))/2,0))} -> 8 | R11: {=INDEX($D$2:$H$6,ROUNDUP($J11/2,0),ROUNDUP(IF(MOD(R$1+INDEX(_xlfn.TEXTSPLIT(I70,",",),0,2)+$J$1,$J$1)=0,$J$1,MOD(R$1+INDEX(_xlfn.TEXTSPLIT(I70,",",),0,2)+$J$1,$J$1))/2,0))} -> 8 | ... T11: {=INDEX($D$2:$H$6,ROUNDUP($J11/2,0),ROUNDUP(IF(MOD(T$1+INDEX(_xlfn.TEXTSPLIT(K70,",",),0,2)+$J$1,$J$1)=0,$J$1,MOD(T$1+INDEX(_xlfn.TEXTSPLIT(K70,",",),0,2)+$J$1,$J$1))/2,0))} -> 8 | U11: 0 | V11: ↩
B13: =IF(B14="","",_xlfn.TEXTJOIN(", ",RANDBETWEEN(1,40),RANDBETWEEN(1,40))) -> 18 | C13: =IF(C14="","",_xlfn.TEXTJOIN(", ",RANDBETWEEN(1,40),RANDBETWEEN(1,40))) -> 9 | D13: =IF(D14="","",_xlfn.TEXTJOIN(", ",RANDBETWEEN(1,40),RANDBETWEEN(1,40))) -> 31 | E13: =IF(E14="","",_xlfn.TEXTJOIN(", ",RANDBETWEEN(1,40),RANDBETWEEN(1,40))) -> 21 | F13: =IF(F14="","",_xlfn.TEXTJOIN(", ",RANDBETWEEN(1,40),RANDBETWEEN(1,40))) -> 31 | G13: =IF(G14="","",_xlfn.TEXTJOIN(", ",RANDBETWEEN(1,40),RANDBETWEEN(1,40))) -> 32 | H13: =IF(H14="","",_xlfn.TEXTJOIN(", ",RANDBETWEEN(1,40),RANDBETWEEN(1,40))) -> 20 | I13: =IF(I14="","",_xlfn.TEXTJOIN(", ",RANDBETWEEN(1,40),RANDBETWEEN(1,40))) -> 37 | ... M13: =IF(M14="","",_xlfn.TEXTJOIN(", ",RANDBETWEEN(1,40),RANDBETWEEN(1,40))) -> 7 | N13: =IF(N14="","",JOIN(", ",RANDBETWEEN(1,40),RANDBETWEEN(1,40))) | O13: =IF(O14="","",JOIN(", ",RANDBETWEEN(1,40),RANDBETWEEN(1,40))) | P13: =IF(P14="","",JOIN(", ",RANDBETWEEN(1,40),RANDBETWEEN(1,40))) | Q13: =IF(Q14="","",JOIN(", ",RANDBETWEEN(1,40),RANDBETWEEN(1,40))) | R13: =IF(R14="","",JOIN(", ",RANDBETWEEN(1,40),RANDBETWEEN(1,40))) | S13: =IF(S14="","",JOIN(", ",RANDBETWEEN(1,40),RANDBETWEEN(1,40))) | T13: =IF(T14="","",JOIN(", ",RANDBETWEEN(1,40),RANDBETWEEN(1,40))) | U13: =IF(U14="","",JOIN(", ",RANDBETWEEN(1,40),RANDBETWEEN(1,40))) | ... X13: =IF(X14="","",JOIN(", ",RANDBETWEEN(1,40),RANDBETWEEN(1,40)))
A14: 12 | B14: =IF(B15>$A$14,"",B15) -> 1 | C14: =IF(C15>$A$14,"",C15) -> 2 | D14: =IF(D15>$A$14,"",D15) -> 3 | E14: =IF(E15>$A$14,"",E15) -> 4 | F14: =IF(F15>$A$14,"",F15) -> 5 | G14: =IF(G15>$A$14,"",G15) -> 6 | H14: =IF(H15>$A$14,"",H15) -> 7 | I14: =IF(I15>$A$14,"",I15) -> 8 | ... X14: =IF(X15>$A$14,"",X15)
A15: =23*A16 -> #REF! | B15: 1 | C15: 2 | D15: 3 | E15: 4 | F15: 5 | G15: 6 | H15: 7 | I15: 8 | J15: 9 | K15: 10 | L15: 11 | M15: 12 | N15: 13 | O15: 14 | P15: 15 | Q15: 16 | R15: 17 | S15: 18 | T15: 19 | U15: 20 | V15: 21 | W15: 22 | X15: 23
A16: =E9/#REF! -> #REF!
A18: 40 | B18: 1 | C18: 2 | D18: 3 | E18: 4 | F18: 5 | G18: 6 | H18: 7 | I18: 8 | J18: 9 | K18: 10 | L18: 11 | M18: 12 | N18: 13 | O18: 14 | P18: 15 | Q18: 16 | R18: 17 | S18: 18 | T18: 19 | U18: 20 | V18: 21 | W18: 22 | X18: 23 | Y18: 24 | Z18: 25 | AA18: 26 | AB18: 27 | AC18: 28 | AD18: 29 | AE18: 30 | AF18: 31 | AG18: 32 | AH18: 33 | AI18: 34 | AJ18: 35 | AK18: 36 | AL18: 37 | AM18: 38 | AN18: 39 | AO18: 40
A19: 1 | B19: {=(INDEX($K$2:$T$11,ROUNDUP($A19/4,0),ROUNDUP(IF(MOD(B$18+INDEX(_xlfn.TEXTSPLIT(B74,",",),0,2)+$A$18,$A$18)=0,$A$18,MOD(B$18+INDEX(_xlfn.TEXTSPLIT(B74,",",),0,2)+$A$18,$A$18))/4,0)))+(INDEX($AD$2:$AK$9,ROUNDUP($A19/5,0),ROUNDUP(IF(MOD(B$18+INDEX(_xlfn.TEXTSPLIT(B117,",",),0,2)+$A$18,$A$18)=0,$A$18,MOD(B$18+INDEX(_xlfn.TEXTSPLIT(B117,",",),0,2)+$A$18,$A$18))/5,0)))} -> 6 | C19: {=(INDEX($K$2:$T$11,ROUNDUP($A19/4,0),ROUNDUP(IF(MOD(C$18+INDEX(_xlfn.TEXTSPLIT(C74,",",),0,2)+$A$18,$A$18)=0,$A$18,MOD(C$18+INDEX(_xlfn.TEXTSPLIT(C74,",",),0,2)+$A$18,$A$18))/4,0)))+(INDEX($AD$2:$AK$9,ROUNDUP($A19/5,0),ROUNDUP(IF(MOD(C$18+INDEX(_xlfn.TEXTSPLIT(C117,",",),0,2)+$A$18,$A$18)=0,$A$18,MOD(C$18+INDEX(_xlfn.TEXTSPLIT(C117,",",),0,2)+$A$18,$A$18))/5,0)))} -> 2 | D19: {=(INDEX($K$2:$T$11,ROUNDUP($A19/4,0),ROUNDUP(IF(MOD(D$18+INDEX(_xlfn.TEXTSPLIT(D74,",",),0,2)+$A$18,$A$18)=0,$A$18,MOD(D$18+INDEX(_xlfn.TEXTSPLIT(D74,",",),0,2)+$A$18,$A$18))/4,0)))+(INDEX($AD$2:$AK$9,ROUNDUP($A19/5,0),ROUNDUP(IF(MOD(D$18+INDEX(_xlfn.TEXTSPLIT(D117,",",),0,2)+$A$18,$A$18)=0,$A$18,MOD(D$18+INDEX(_xlfn.TEXTSPLIT(D117,",",),0,2)+$A$18,$A$18))/5,0)))} -> 2 | E19: {=(INDEX($K$2:$T$11,ROUNDUP($A19/4,0),ROUNDUP(IF(MOD(E$18+INDEX(_xlfn.TEXTSPLIT(E74,",",),0,2)+$A$18,$A$18)=0,$A$18,MOD(E$18+INDEX(_xlfn.TEXTSPLIT(E74,",",),0,2)+$A$18,$A$18))/4,0)))+(INDEX($AD$2:$AK$9,ROUNDUP($A19/5,0),ROUNDUP(IF(MOD(E$18+INDEX(_xlfn.TEXTSPLIT(E117,",",),0,2)+$A$18,$A$18)=0,$A$18,MOD(E$18+INDEX(_xlfn.TEXTSPLIT(E117,",",),0,2)+$A$18,$A$18))/5,0)))} -> 2 | F19: {=(INDEX($K$2:$T$11,ROUNDUP($A19/4,0),ROUNDUP(IF(MOD(F$18+INDEX(_xlfn.TEXTSPLIT(F74,",",),0,2)+$A$18,$A$18)=0,$A$18,MOD(F$18+INDEX(_xlfn.TEXTSPLIT(F74,",",),0,2)+$A$18,$A$18))/4,0)))+(INDEX($AD$2:$AK$9,ROUNDUP($A19/5,0),ROUNDUP(IF(MOD(F$18+INDEX(_xlfn.TEXTSPLIT(F117,",",),0,2)+$A$18,$A$18)=0,$A$18,MOD(F$18+INDEX(_xlfn.TEXTSPLIT(F117,",",),0,2)+$A$18,$A$18))/5,0)))} -> 6 | G19: {=(INDEX($K$2:$T$11,ROUNDUP($A19/4,0),ROUNDUP(IF(MOD(G$18+INDEX(_xlfn.TEXTSPLIT(G74,",",),0,2)+$A$18,$A$18)=0,$A$18,MOD(G$18+INDEX(_xlfn.TEXTSPLIT(G74,",",),0,2)+$A$18,$A$18))/4,0)))+(INDEX($AD$2:$AK$9,ROUNDUP($A19/5,0),ROUNDUP(IF(MOD(G$18+INDEX(_xlfn.TEXTSPLIT(G117,",",),0,2)+$A$18,$A$18)=0,$A$18,MOD(G$18+INDEX(_xlfn.TEXTSPLIT(G117,",",),0,2)+$A$18,$A$18))/5,0)))} -> 5 | H19: {=(INDEX($K$2:$T$11,ROUNDUP($A19/4,0),ROUNDUP(IF(MOD(H$18+INDEX(_xlfn.TEXTSPLIT(H74,",",),0,2)+$A$18,$A$18)=0,$A$18,MOD(H$18+INDEX(_xlfn.TEXTSPLIT(H74,",",),0,2)+$A$18,$A$18))/4,0)))+(INDEX($AD$2:$AK$9,ROUNDUP($A19/5,0),ROUNDUP(IF(MOD(H$18+INDEX(_xlfn.TEXTSPLIT(H117,",",),0,2)+$A$18,$A$18)=0,$A$18,MOD(H$18+INDEX(_xlfn.TEXTSPLIT(H117,",",),0,2)+$A$18,$A$18))/5,0)))} -> 5 | I19: {=(INDEX($K$2:$T$11,ROUNDUP($A19/4,0),ROUNDUP(IF(MOD(I$18+INDEX(_xlfn.TEXTSPLIT(I74,",",),0,2)+$A$18,$A$18)=0,$A$18,MOD(I$18+INDEX(_xlfn.TEXTSPLIT(I74,",",),0,2)+$A$18,$A$18))/4,0)))+(INDEX($AD$2:$AK$9,ROUNDUP($A19/5,0),ROUNDUP(IF(MOD(I$18+INDEX(_xlfn.TEXTSPLIT(I117,",",),0,2)+$A$18,$A$18)=0,$A$18,MOD(I$18+INDEX(_xlfn.TEXTSPLIT(I117,",",),0,2)+$A$18,$A$18))/5,0)))} -> 5 | ... AO19: {=(INDEX($K$2:$T$11,ROUNDUP($A19/4,0),ROUNDUP(IF(MOD(AO$18+INDEX(_xlfn.TEXTSPLIT(AO74,",",),0,2)+$A$18,$A$18)=0,$A$18,MOD(AO$18+INDEX(_xlfn.TEXTSPLIT(AO74,",",),0,2)+$A$18,$A$18))/4,0)))+(INDEX($AD$2:$AK$9,ROUNDUP($A19/5,0),ROUNDUP(IF(MOD(AO$18+INDEX(_xlfn.TEXTSPLIT(AO117,",",),0,2)+$A$18,$A$18)=0,$A$18,MOD(AO$18+INDEX(_xlfn.TEXTSPLIT(AO117,",",),0,2)+$A$18,$A$18))/5,0)))} -> 2
A20: 2 | B20: {=(INDEX($K$2:$T$11,ROUNDUP(IF(MOD($A20+INDEX(_xlfn.TEXTSPLIT(B75,",",),0,1)+$A$18,$A$18)=0,$A$18,MOD($A20+INDEX(_xlfn.TEXTSPLIT(B75,",",),0,1)+$A$18,$A$18))/4,0),ROUNDUP(IF(MOD(B$18+INDEX(_xlfn.TEXTSPLIT(B75,",",),0,2)+$A$18,$A$18)=0,$A$18,MOD(B$18+INDEX(_xlfn.TEXTSPLIT(B75,",",),0,2)+$A$18,$A$18))/4,0)))+(INDEX($AD$2:$AK$9,ROUNDUP(IF(MOD($A20+INDEX(_xlfn.TEXTSPLIT(B118,",",),0,1)+$A$18,$A$18)=0,$A$18,MOD($A20+INDEX(_xlfn.TEXTSPLIT(B118,",",),0,1)+$A$18,$A$18))/5,0),ROUNDUP(IF(MOD(B$18+INDEX(_xlfn.TEXTSPLIT(B118,",",),0,2)+$A$18,$A$18)=0,$A$18,MOD(B$18+INDEX(_xlfn.TEXTSPLIT(B118,",",),0,2)+$A$18,$A$18))/5,0)))} -> 2 | C20: {=(INDEX($K$2:$T$11,ROUNDUP(IF(MOD($A20+INDEX(_xlfn.TEXTSPLIT(C75,",",),0,1)+$A$18,$A$18)=0,$A$18,MOD($A20+INDEX(_xlfn.TEXTSPLIT(C75,",",),0,1)+$A$18,$A$18))/4,0),ROUNDUP(IF(MOD(C$18+INDEX(_xlfn.TEXTSPLIT(C75,",",),0,2)+$A$18,$A$18)=0,$A$18,MOD(C$18+INDEX(_xlfn.TEXTSPLIT(C75,",",),0,2)+$A$18,$A$18))/4,0)))+(INDEX($AD$2:$AK$9,ROUNDUP(IF(MOD($A20+INDEX(_xlfn.TEXTSPLIT(C118,",",),0,1)+$A$18,$A$18)=0,$A$18,MOD($A20+INDEX(_xlfn.TEXTSPLIT(C118,",",),0,1)+$A$18,$A$18))/5,0),ROUNDUP(IF(MOD(C$18+INDEX(_xlfn.TEXTSPLIT(C118,",",),0,2)+$A$18,$A$18)=0,$A$18,MOD(C$18+INDEX(_xlfn.TEXTSPLIT(C118,",",),0,2)+$A$18,$A$18))/5,0)))} -> 2 | D20: {=(INDEX($K$2:$T$11,ROUNDUP(IF(MOD($A20+INDEX(_xlfn.TEXTSPLIT(D75,",",),0,1)+$A$18,$A$18)=0,$A$18,MOD($A20+INDEX(_xlfn.TEXTSPLIT(D75,",",),0,1)+$A$18,$A$18))/4,0),ROUNDUP(IF(MOD(D$18+INDEX(_xlfn.TEXTSPLIT(D75,",",),0,2)+$A$18,$A$18)=0,$A$18,MOD(D$18+INDEX(_xlfn.TEXTSPLIT(D75,",",),0,2)+$A$18,$A$18))/4,0)))+(INDEX($AD$2:$AK$9,ROUNDUP(IF(MOD($A20+INDEX(_xlfn.TEXTSPLIT(D118,",",),0,1)+$A$18,$A$18)=0,$A$18,MOD($A20+INDEX(_xlfn.TEXTSPLIT(D118,",",),0,1)+$A$18,$A$18))/5,0),ROUNDUP(IF(MOD(D$18+INDEX(_xlfn.TEXTSPLIT(D118,",",),0,2)+$A$18,$A$18)=0,$A$18,MOD(D$18+INDEX(_xlfn.TEXTSPLIT(D118,",",),0,2)+$A$18,$A$18))/5,0)))} -> 2 | E20: {=(INDEX($K$2:$T$11,ROUNDUP(IF(MOD($A20+INDEX(_xlfn.TEXTSPLIT(E75,",",),0,1)+$A$18,$A$18)=0,$A$18,MOD($A20+INDEX(_xlfn.TEXTSPLIT(E75,",",),0,1)+$A$18,$A$18))/4,0),ROUNDUP(IF(MOD(E$18+INDEX(_xlfn.TEXTSPLIT(E75,",",),0,2)+$A$18,$A$18)=0,$A$18,MOD(E$18+INDEX(_xlfn.TEXTSPLIT(E75,",",),0,2)+$A$18,$A$18))/4,0)))+(INDEX($AD$2:$AK$9,ROUNDUP(IF(MOD($A20+INDEX(_xlfn.TEXTSPLIT(E118,",",),0,1)+$A$18,$A$18)=0,$A$18,MOD($A20+INDEX(_xlfn.TEXTSPLIT(E118,",",),0,1)+$A$18,$A$18))/5,0),ROUNDUP(IF(MOD(E$18+INDEX(_xlfn.TEXTSPLIT(E118,",",),0,2)+$A$18,$A$18)=0,$A$18,MOD(E$18+INDEX(_xlfn.TEXTSPLIT(E118,",",),0,2)+$A$18,$A$18))/5,0)))} -> 2 | F20: {=(INDEX($K$2:$T$11,ROUNDUP(IF(MOD($A20+INDEX(_xlfn.TEXTSPLIT(F75,",",),0,1)+$A$18,$A$18)=0,$A$18,MOD($A20+INDEX(_xlfn.TEXTSPLIT(F75,",",),0,1)+$A$18,$A$18))/4,0),ROUNDUP(IF(MOD(F$18+INDEX(_xlfn.TEXTSPLIT(F75,",",),0,2)+$A$18,$A$18)=0,$A$18,MOD(F$18+INDEX(_xlfn.TEXTSPLIT(F75,",",),0,2)+$A$18,$A$18))/4,0)))+(INDEX($AD$2:$AK$9,ROUNDUP(IF(MOD($A20+INDEX(_xlfn.TEXTSPLIT(F118,",",),0,1)+$A$18,$A$18)=0,$A$18,MOD($A20+INDEX(_xlfn.TEXTSPLIT(F118,",",),0,1)+$A$18,$A$18))/5,0),ROUNDUP(IF(MOD(F$18+INDEX(_xlfn.TEXTSPLIT(F118,",",),0,2)+$A$18,$A$18)=0,$A$18,MOD(F$18+INDEX(_xlfn.TEXTSPLIT(F118,",",),0,2)+$A$18,$A$18))/5,0)))} -> 2 | G20: {=(INDEX($K$2:$T$11,ROUNDUP(IF(MOD($A20+INDEX(_xlfn.TEXTSPLIT(G75,",",),0,1)+$A$18,$A$18)=0,$A$18,MOD($A20+INDEX(_xlfn.TEXTSPLIT(G75,",",),0,1)+$A$18,$A$18))/4,0),ROUNDUP(IF(MOD(G$18+INDEX(_xlfn.TEXTSPLIT(G75,",",),0,2)+$A$18,$A$18)=0,$A$18,MOD(G$18+INDEX(_xlfn.TEXTSPLIT(G75,",",),0,2)+$A$18,$A$18))/4,0)))+(INDEX($AD$2:$AK$9,ROUNDUP(IF(MOD($A20+INDEX(_xlfn.TEXTSPLIT(G118,",",),0,1)+$A$18,$A$18)=0,$A$18,MOD($A20+INDEX(_xlfn.TEXTSPLIT(G118,",",),0,1)+$A$18,$A$18))/5,0),ROUNDUP(IF(MOD(G$18+INDEX(_xlfn.TEXTSPLIT(G118,",",),0,2)+$A$18,$A$18)=0,$A$18,MOD(G$18+INDEX(_xlfn.TEXTSPLIT(G118,",",),0,2)+$A$18,$A$18))/5,0)))} -> 5 | H20: {=(INDEX($K$2:$T$11,ROUNDUP(IF(MOD($A20+INDEX(_xlfn.TEXTSPLIT(H75,",",),0,1)+$A$18,$A$18)=0,$A$18,MOD($A20+INDEX(_xlfn.TEXTSPLIT(H75,",",),0,1)+$A$18,$A$18))/4,0),ROUNDUP(IF(MOD(H$18+INDEX(_xlfn.TEXTSPLIT(H75,",",),0,2)+$A$18,$A$18)=0,$A$18,MOD(H$18+INDEX(_xlfn.TEXTSPLIT(H75,",",),0,2)+$A$18,$A$18))/4,0)))+(INDEX($AD$2:$AK$9,ROUNDUP(IF(MOD($A20+INDEX(_xlfn.TEXTSPLIT(H118,",",),0,1)+$A$18,$A$18)=0,$A$18,MOD($A20+INDEX(_xlfn.TEXTSPLIT(H118,",",),0,1)+$A$18,$A$18))/5,0),ROUNDUP(IF(MOD(H$18+INDEX(_xlfn.TEXTSPLIT(H118,",",),0,2)+$A$18,$A$18)=0,$A$18,MOD(H$18+INDEX(_xlfn.TEXTSPLIT(H118,",",),0,2)+$A$18,$A$18))/5,0)))} -> 5 | I20: {=(INDEX($K$2:$T$11,ROUNDUP(IF(MOD($A20+INDEX(_xlfn.TEXTSPLIT(I75,",",),0,1)+$A$18,$A$18)=0,$A$18,MOD($A20+INDEX(_xlfn.TEXTSPLIT(I75,",",),0,1)+$A$18,$A$18))/4,0),ROUNDUP(IF(MOD(I$18+INDEX(_xlfn.TEXTSPLIT(I75,",",),0,2)+$A$18,$A$18)=0,$A$18,MOD(I$18+INDEX(_xlfn.TEXTSPLIT(I75,",",),0,2)+$A$18,$A$18))/4,0)))+(INDEX($AD$2:$AK$9,ROUNDUP(IF(MOD($A20+INDEX(_xlfn.TEXTSPLIT(I118,",",),0,1)+$A$18,$A$18)=0,$A$18,MOD($A20+INDEX(_xlfn.TEXTSPLIT(I118,",",),0,1)+$A$18,$A$18))/5,0),ROUNDUP(IF(MOD(I$18+INDEX(_xlfn.TEXTSPLIT(I118,",",),0,2)+$A$18,$A$18)=0,$A$18,MOD(I$18+INDEX(_xlfn.TEXTSPLIT(I118,",",),0,2)+$A$18,$A$18))/5,0)))} -> 5 | ... AO20: {=(INDEX($K$2:$T$11,ROUNDUP(IF(MOD($A20+INDEX(_xlfn.TEXTSPLIT(AO75,",",),0,1)+$A$18,$A$18)=0,$A$18,MOD($A20+INDEX(_xlfn.TEXTSPLIT(AO75,",",),0,1)+$A$18,$A$18))/4,0),ROUNDUP(IF(MOD(AO$18+INDEX(_xlfn.TEXTSPLIT(AO75,",",),0,2)+$A$18,$A$18)=0,$A$18,MOD(AO$18+INDEX(_xlfn.TEXTSPLIT(AO75,",",),0,2)+$A$18,$A$18))/4,0)))+(INDEX($AD$2:$AK$9,ROUNDUP(IF(MOD($A20+INDEX(_xlfn.TEXTSPLIT(AO118,",",),0,1)+$A$18,$A$18)=0,$A$18,MOD($A20+INDEX(_xlfn.TEXTSPLIT(AO118,",",),0,1)+$A$18,$A$18))/5,0),ROUNDUP(IF(MOD(AO$18+INDEX(_xlfn.TEXTSPLIT(AO118,",",),0,2)+$A$18,$A$18)=0,$A$18,MOD(AO$18+INDEX(_xlfn.TEXTSPLIT(AO118,",",),0,2)+$A$18,$A$18))/5,0)))} -> 2
A21: 3 | B21: {=(INDEX($K$2:$T$11,ROUNDUP(IF(MOD($A21+INDEX(_xlfn.TEXTSPLIT(B76,",",),0,1)+$A$18,$A$18)=0,$A$18,MOD($A21+INDEX(_xlfn.TEXTSPLIT(B76,",",),0,1)+$A$18,$A$18))/4,0),ROUNDUP(IF(MOD(B$18+INDEX(_xlfn.TEXTSPLIT(B76,",",),0,2)+$A$18,$A$18)=0,$A$18,MOD(B$18+INDEX(_xlfn.TEXTSPLIT(B76,",",),0,2)+$A$18,$A$18))/4,0)))+(INDEX($AD$2:$AK$9,ROUNDUP(IF(MOD($A21+INDEX(_xlfn.TEXTSPLIT(B119,",",),0,1)+$A$18,$A$18)=0,$A$18,MOD($A21+INDEX(_xlfn.TEXTSPLIT(B119,",",),0,1)+$A$18,$A$18))/5,0),ROUNDUP(IF(MOD(B$18+INDEX(_xlfn.TEXTSPLIT(B119,",",),0,2)+$A$18,$A$18)=0,$A$18,MOD(B$18+INDEX(_xlfn.TEXTSPLIT(B119,",",),0,2)+$A$18,$A$18))/5,0)))} -> 6 | C21: {=(INDEX($K$2:$T$11,ROUNDUP(IF(MOD($A21+INDEX(_xlfn.TEXTSPLIT(C76,",",),0,1)+$A$18,$A$18)=0,$A$18,MOD($A21+INDEX(_xlfn.TEXTSPLIT(C76,",",),0,1)+$A$18,$A$18))/4,0),ROUNDUP(IF(MOD(C$18+INDEX(_xlfn.TEXTSPLIT(C76,",",),0,2)+$A$18,$A$18)=0,$A$18,MOD(C$18+INDEX(_xlfn.TEXTSPLIT(C76,",",),0,2)+$A$18,$A$18))/4,0)))+(INDEX($AD$2:$AK$9,ROUNDUP(IF(MOD($A21+INDEX(_xlfn.TEXTSPLIT(C119,",",),0,1)+$A$18,$A$18)=0,$A$18,MOD($A21+INDEX(_xlfn.TEXTSPLIT(C119,",",),0,1)+$A$18,$A$18))/5,0),ROUNDUP(IF(MOD(C$18+INDEX(_xlfn.TEXTSPLIT(C119,",",),0,2)+$A$18,$A$18)=0,$A$18,MOD(C$18+INDEX(_xlfn.TEXTSPLIT(C119,",",),0,2)+$A$18,$A$18))/5,0)))} -> 2 | D21: {=(INDEX($K$2:$T$11,ROUNDUP(IF(MOD($A21+INDEX(_xlfn.TEXTSPLIT(D76,",",),0,1)+$A$18,$A$18)=0,$A$18,MOD($A21+INDEX(_xlfn.TEXTSPLIT(D76,",",),0,1)+$A$18,$A$18))/4,0),ROUNDUP(IF(MOD(D$18+INDEX(_xlfn.TEXTSPLIT(D76,",",),0,2)+$A$18,$A$18)=0,$A$18,MOD(D$18+INDEX(_xlfn.TEXTSPLIT(D76,",",),0,2)+$A$18,$A$18))/4,0)))+(INDEX($AD$2:$AK$9,ROUNDUP(IF(MOD($A21+INDEX(_xlfn.TEXTSPLIT(D119,",",),0,1)+$A$18,$A$18)=0,$A$18,MOD($A21+INDEX(_xlfn.TEXTSPLIT(D119,",",),0,1)+$A$18,$A$18))/5,0),ROUNDUP(IF(MOD(D$18+INDEX(_xlfn.TEXTSPLIT(D119,",",),0,2)+$A$18,$A$18)=0,$A$18,MOD(D$18+INDEX(_xlfn.TEXTSPLIT(D119,",",),0,2)+$A$18,$A$18))/5,0)))} -> 2 | E21: {=(INDEX($K$2:$T$11,ROUNDUP(IF(MOD($A21+INDEX(_xlfn.TEXTSPLIT(E76,",",),0,1)+$A$18,$A$18)=0,$A$18,MOD($A21+INDEX(_xlfn.TEXTSPLIT(E76,",",),0,1)+$A$18,$A$18))/4,0),ROUNDUP(IF(MOD(E$18+INDEX(_xlfn.TEXTSPLIT(E76,",",),0,2)+$A$18,$A$18)=0,$A$18,MOD(E$18+INDEX(_xlfn.TEXTSPLIT(E76,",",),0,2)+$A$18,$A$18))/4,0)))+(INDEX($AD$2:$AK$9,ROUNDUP(IF(MOD($A21+INDEX(_xlfn.TEXTSPLIT(E119,",",),0,1)+$A$18,$A$18)=0,$A$18,MOD($A21+INDEX(_xlfn.TEXTSPLIT(E119,",",),0,1)+$A$18,$A$18))/5,0),ROUNDUP(IF(MOD(E$18+INDEX(_xlfn.TEXTSPLIT(E119,",",),0,2)+$A$18,$A$18)=0,$A$18,MOD(E$18+INDEX(_xlfn.TEXTSPLIT(E119,",",),0,2)+$A$18,$A$18))/5,0)))} -> 2 | F21: {=(INDEX($K$2:$T$11,ROUNDUP(IF(MOD($A21+INDEX(_xlfn.TEXTSPLIT(F76,",",),0,1)+$A$18,$A$18)=0,$A$18,MOD($A21+INDEX(_xlfn.TEXTSPLIT(F76,",",),0,1)+$A$18,$A$18))/4,0),ROUNDUP(IF(MOD(F$18+INDEX(_xlfn.TEXTSPLIT(F76,",",),0,2)+$A$18,$A$18)=0,$A$18,MOD(F$18+INDEX(_xlfn.TEXTSPLIT(F76,",",),0,2)+$A$18,$A$18))/4,0)))+(INDEX($AD$2:$AK$9,ROUNDUP(IF(MOD($A21+INDEX(_xlfn.TEXTSPLIT(F119,",",),0,1)+$A$18,$A$18)=0,$A$18,MOD($A21+INDEX(_xlfn.TEXTSPLIT(F119,",",),0,1)+$A$18,$A$18))/5,0),ROUNDUP(IF(MOD(F$18+INDEX(_xlfn.TEXTSPLIT(F119,",",),0,2)+$A$18,$A$18)=0,$A$18,MOD(F$18+INDEX(_xlfn.TEXTSPLIT(F119,",",),0,2)+$A$18,$A$18))/5,0)))} -> 6 | G21: {=(INDEX($K$2:$T$11,ROUNDUP(IF(MOD($A21+INDEX(_xlfn.TEXTSPLIT(G76,",",),0,1)+$A$18,$A$18)=0,$A$18,MOD($A21+INDEX(_xlfn.TEXTSPLIT(G76,",",),0,1)+$A$18,$A$18))/4,0),ROUNDUP(IF(MOD(G$18+INDEX(_xlfn.TEXTSPLIT(G76,",",),0,2)+$A$18,$A$18)=0,$A$18,MOD(G$18+INDEX(_xlfn.TEXTSPLIT(G76,",",),0,2)+$A$18,$A$18))/4,0)))+(INDEX($AD$2:$AK$9,ROUNDUP(IF(MOD($A21+INDEX(_xlfn.TEXTSPLIT(G119,",",),0,1)+$A$18,$A$18)=0,$A$18,MOD($A21+INDEX(_xlfn.TEXTSPLIT(G119,",",),0,1)+$A$18,$A$18))/5,0),ROUNDUP(IF(MOD(G$18+INDEX(_xlfn.TEXTSPLIT(G119,",",),0,2)+$A$18,$A$18)=0,$A$18,MOD(G$18+INDEX(_xlfn.TEXTSPLIT(G119,",",),0,2)+$A$18,$A$18))/5,0)))} -> 5 | H21: {=(INDEX($K$2:$T$11,ROUNDUP(IF(MOD($A21+INDEX(_xlfn.TEXTSPLIT(H76,",",),0,1)+$A$18,$A$18)=0,$A$18,MOD($A21+INDEX(_xlfn.TEXTSPLIT(H76,",",),0,1)+$A$18,$A$18))/4,0),ROUNDUP(IF(MOD(H$18+INDEX(_xlfn.TEXTSPLIT(H76,",",),0,2)+$A$18,$A$18)=0,$A$18,MOD(H$18+INDEX(_xlfn.TEXTSPLIT(H76,",",),0,2)+$A$18,$A$18))/4,0)))+(INDEX($AD$2:$AK$9,ROUNDUP(IF(MOD($A21+INDEX(_xlfn.TEXTSPLIT(H119,",",),0,1)+$A$18,$A$18)=0,$A$18,MOD($A21+INDEX(_xlfn.TEXTSPLIT(H119,",",),0,1)+$A$18,$A$18))/5,0),ROUNDUP(IF(MOD(H$18+INDEX(_xlfn.TEXTSPLIT(H119,",",),0,2)+$A$18,$A$18)=0,$A$18,MOD(H$18+INDEX(_xlfn.TEXTSPLIT(H119,",",),0,2)+$A$18,$A$18))/5,0)))} -> 5 | I21: {=(INDEX($K$2:$T$11,ROUNDUP(IF(MOD($A21+INDEX(_xlfn.TEXTSPLIT(I76,",",),0,1)+$A$18,$A$18)=0,$A$18,MOD($A21+INDEX(_xlfn.TEXTSPLIT(I76,",",),0,1)+$A$18,$A$18))/4,0),ROUNDUP(IF(MOD(I$18+INDEX(_xlfn.TEXTSPLIT(I76,",",),0,2)+$A$18,$A$18)=0,$A$18,MOD(I$18+INDEX(_xlfn.TEXTSPLIT(I76,",",),0,2)+$A$18,$A$18))/4,0)))+(INDEX($AD$2:$AK$9,ROUNDUP(IF(MOD($A21+INDEX(_xlfn.TEXTSPLIT(I119,",",),0,1)+$A$18,$A$18)=0,$A$18,MOD($A21+INDEX(_xlfn.TEXTSPLIT(I119,",",),0,1)+$A$18,$A$18))/5,0),ROUNDUP(IF(MOD(I$18+INDEX(_xlfn.TEXTSPLIT(I119,",",),0,2)+$A$18,$A$18)=0,$A$18,MOD(I$18+INDEX(_xlfn.TEXTSPLIT(I119,",",),0,2)+$A$18,$A$18))/5,0)))} -> 5 | ... AO21: {=(INDEX($K$2:$T$11,ROUNDUP(IF(MOD($A21+INDEX(_xlfn.TEXTSPLIT(AO76,",",),0,1)+$A$18,$A$18)=0,$A$18,MOD($A21+INDEX(_xlfn.TEXTSPLIT(AO76,",",),0,1)+$A$18,$A$18))/4,0),ROUNDUP(IF(MOD(AO$18+INDEX(_xlfn.TEXTSPLIT(AO76,",",),0,2)+$A$18,$A$18)=0,$A$18,MOD(AO$18+INDEX(_xlfn.TEXTSPLIT(AO76,",",),0,2)+$A$18,$A$18))/4,0)))+(INDEX($AD$2:$AK$9,ROUNDUP(IF(MOD($A21+INDEX(_xlfn.TEXTSPLIT(AO119,",",),0,1)+$A$18,$A$18)=0,$A$18,MOD($A21+INDEX(_xlfn.TEXTSPLIT(AO119,",",),0,1)+$A$18,$A$18))/5,0),ROUNDUP(IF(MOD(AO$18+INDEX(_xlfn.TEXTSPLIT(AO119,",",),0,2)+$A$18,$A$18)=0,$A$18,MOD(AO$18+INDEX(_xlfn.TEXTSPLIT(AO119,",",),0,2)+$A$18,$A$18))/5,0)))} -> 6
A22: 4 | B22: {=(INDEX($K$2:$T$11,ROUNDUP(IF(MOD($A22+INDEX(_xlfn.TEXTSPLIT(B77,",",),0,1)+$A$18,$A$18)=0,$A$18,MOD($A22+INDEX(_xlfn.TEXTSPLIT(B77,",",),0,1)+$A$18,$A$18))/4,0),ROUNDUP(IF(MOD(B$18+INDEX(_xlfn.TEXTSPLIT(B77,",",),0,2)+$A$18,$A$18)=0,$A$18,MOD(B$18+INDEX(_xlfn.TEXTSPLIT(B77,",",),0,2)+$A$18,$A$18))/4,0)))+(INDEX($AD$2:$AK$9,ROUNDUP(IF(MOD($A22+INDEX(_xlfn.TEXTSPLIT(B120,",",),0,1)+$A$18,$A$18)=0,$A$18,MOD($A22+INDEX(_xlfn.TEXTSPLIT(B120,",",),0,1)+$A$18,$A$18))/5,0),ROUNDUP(IF(MOD(B$18+INDEX(_xlfn.TEXTSPLIT(B120,",",),0,2)+$A$18,$A$18)=0,$A$18,MOD(B$18+INDEX(_xlfn.TEXTSPLIT(B120,",",),0,2)+$A$18,$A$18))/5,0)))} -> 6 | C22: {=(INDEX($K$2:$T$11,ROUNDUP(IF(MOD($A22+INDEX(_xlfn.TEXTSPLIT(C77,",",),0,1)+$A$18,$A$18)=0,$A$18,MOD($A22+INDEX(_xlfn.TEXTSPLIT(C77,",",),0,1)+$A$18,$A$18))/4,0),ROUNDUP(IF(MOD(C$18+INDEX(_xlfn.TEXTSPLIT(C77,",",),0,2)+$A$18,$A$18)=0,$A$18,MOD(C$18+INDEX(_xlfn.TEXTSPLIT(C77,",",),0,2)+$A$18,$A$18))/4,0)))+(INDEX($AD$2:$AK$9,ROUNDUP(IF(MOD($A22+INDEX(_xlfn.TEXTSPLIT(C120,",",),0,1)+$A$18,$A$18)=0,$A$18,MOD($A22+INDEX(_xlfn.TEXTSPLIT(C120,",",),0,1)+$A$18,$A$18))/5,0),ROUNDUP(IF(MOD(C$18+INDEX(_xlfn.TEXTSPLIT(C120,",",),0,2)+$A$18,$A$18)=0,$A$18,MOD(C$18+INDEX(_xlfn.TEXTSPLIT(C120,",",),0,2)+$A$18,$A$18))/5,0)))} -> 2 | D22: {=(INDEX($K$2:$T$11,ROUNDUP(IF(MOD($A22+INDEX(_xlfn.TEXTSPLIT(D77,",",),0,1)+$A$18,$A$18)=0,$A$18,MOD($A22+INDEX(_xlfn.TEXTSPLIT(D77,",",),0,1)+$A$18,$A$18))/4,0),ROUNDUP(IF(MOD(D$18+INDEX(_xlfn.TEXTSPLIT(D77,",",),0,2)+$A$18,$A$18)=0,$A$18,MOD(D$18+INDEX(_xlfn.TEXTSPLIT(D77,",",),0,2)+$A$18,$A$18))/4,0)))+(INDEX($AD$2:$AK$9,ROUNDUP(IF(MOD($A22+INDEX(_xlfn.TEXTSPLIT(D120,",",),0,1)+$A$18,$A$18)=0,$A$18,MOD($A22+INDEX(_xlfn.TEXTSPLIT(D120,",",),0,1)+$A$18,$A$18))/5,0),ROUNDUP(IF(MOD(D$18+INDEX(_xlfn.TEXTSPLIT(D120,",",),0,2)+$A$18,$A$18)=0,$A$18,MOD(D$18+INDEX(_xlfn.TEXTSPLIT(D120,",",),0,2)+$A$18,$A$18))/5,0)))} -> 2 | E22: {=(INDEX($K$2:$T$11,ROUNDUP(IF(MOD($A22+INDEX(_xlfn.TEXTSPLIT(E77,",",),0,1)+$A$18,$A$18)=0,$A$18,MOD($A22+INDEX(_xlfn.TEXTSPLIT(E77,",",),0,1)+$A$18,$A$18))/4,0),ROUNDUP(IF(MOD(E$18+INDEX(_xlfn.TEXTSPLIT(E77,",",),0,2)+$A$18,$A$18)=0,$A$18,MOD(E$18+INDEX(_xlfn.TEXTSPLIT(E77,",",),0,2)+$A$18,$A$18))/4,0)))+(INDEX($AD$2:$AK$9,ROUNDUP(IF(MOD($A22+INDEX(_xlfn.TEXTSPLIT(E120,",",),0,1)+$A$18,$A$18)=0,$A$18,MOD($A22+INDEX(_xlfn.TEXTSPLIT(E120,",",),0,1)+$A$18,$A$18))/5,0),ROUNDUP(IF(MOD(E$18+INDEX(_xlfn.TEXTSPLIT(E120,",",),0,2)+$A$18,$A$18)=0,$A$18,MOD(E$18+INDEX(_xlfn.TEXTSPLIT(E120,",",),0,2)+$A$18,$A$18))/5,0)))} -> 6 | F22: {=(INDEX($K$2:$T$11,ROUNDUP(IF(MOD($A22+INDEX(_xlfn.TEXTSPLIT(F77,",",),0,1)+$A$18,$A$18)=0,$A$18,MOD($A22+INDEX(_xlfn.TEXTSPLIT(F77,",",),0,1)+$A$18,$A$18))/4,0),ROUNDUP(IF(MOD(F$18+INDEX(_xlfn.TEXTSPLIT(F77,",",),0,2)+$A$18,$A$18)=0,$A$18,MOD(F$18+INDEX(_xlfn.TEXTSPLIT(F77,",",),0,2)+$A$18,$A$18))/4,0)))+(INDEX($AD$2:$AK$9,ROUNDUP(IF(MOD($A22+INDEX(_xlfn.TEXTSPLIT(F120,",",),0,1)+$A$18,$A$18)=0,$A$18,MOD($A22+INDEX(_xlfn.TEXTSPLIT(F120,",",),0,1)+$A$18,$A$18))/5,0),ROUNDUP(IF(MOD(F$18+INDEX(_xlfn.TEXTSPLIT(F120,",",),0,2)+$A$18,$A$18)=0,$A$18,MOD(F$18+INDEX(_xlfn.TEXTSPLIT(F120,",",),0,2)+$A$18,$A$18))/5,0)))} -> 6 | G22: {=(INDEX($K$2:$T$11,ROUNDUP(IF(MOD($A22+INDEX(_xlfn.TEXTSPLIT(G77,",",),0,1)+$A$18,$A$18)=0,$A$18,MOD($A22+INDEX(_xlfn.TEXTSPLIT(G77,",",),0,1)+$A$18,$A$18))/4,0),ROUNDUP(IF(MOD(G$18+INDEX(_xlfn.TEXTSPLIT(G77,",",),0,2)+$A$18,$A$18)=0,$A$18,MOD(G$18+INDEX(_xlfn.TEXTSPLIT(G77,",",),0,2)+$A$18,$A$18))/4,0)))+(INDEX($AD$2:$AK$9,ROUNDUP(IF(MOD($A22+INDEX(_xlfn.TEXTSPLIT(G120,",",),0,1)+$A$18,$A$18)=0,$A$18,MOD($A22+INDEX(_xlfn.TEXTSPLIT(G120,",",),0,1)+$A$18,$A$18))/5,0),ROUNDUP(IF(MOD(G$18+INDEX(_xlfn.TEXTSPLIT(G120,",",),0,2)+$A$18,$A$18)=0,$A$18,MOD(G$18+INDEX(_xlfn.TEXTSPLIT(G120,",",),0,2)+$A$18,$A$18))/5,0)))} -> 6 | H22: {=(INDEX($K$2:$T$11,ROUNDUP(IF(MOD($A22+INDEX(_xlfn.TEXTSPLIT(H77,",",),0,1)+$A$18,$A$18)=0,$A$18,MOD($A22+INDEX(_xlfn.TEXTSPLIT(H77,",",),0,1)+$A$18,$A$18))/4,0),ROUNDUP(IF(MOD(H$18+INDEX(_xlfn.TEXTSPLIT(H77,",",),0,2)+$A$18,$A$18)=0,$A$18,MOD(H$18+INDEX(_xlfn.TEXTSPLIT(H77,",",),0,2)+$A$18,$A$18))/4,0)))+(INDEX($AD$2:$AK$9,ROUNDUP(IF(MOD($A22+INDEX(_xlfn.TEXTSPLIT(H120,",",),0,1)+$A$18,$A$18)=0,$A$18,MOD($A22+INDEX(_xlfn.TEXTSPLIT(H120,",",),0,1)+$A$18,$A$18))/5,0),ROUNDUP(IF(MOD(H$18+INDEX(_xlfn.TEXTSPLIT(H120,",",),0,2)+$A$18,$A$18)=0,$A$18,MOD(H$18+INDEX(_xlfn.TEXTSPLIT(H120,",",),0,2)+$A$18,$A$18))/5,0)))} -> 5 | I22: {=(INDEX($K$2:$T$11,ROUNDUP(IF(MOD($A22+INDEX(_xlfn.TEXTSPLIT(I77,",",),0,1)+$A$18,$A$18)=0,$A$18,MOD($A22+INDEX(_xlfn.TEXTSPLIT(I77,",",),0,1)+$A$18,$A$18))/4,0),ROUNDUP(IF(MOD(I$18+INDEX(_xlfn.TEXTSPLIT(I77,",",),0,2)+$A$18,$A$18)=0,$A$18,MOD(I$18+INDEX(_xlfn.TEXTSPLIT(I77,",",),0,2)+$A$18,$A$18))/4,0)))+(INDEX($AD$2:$AK$9,ROUNDUP(IF(MOD($A22+INDEX(_xlfn.TEXTSPLIT(I120,",",),0,1)+$A$18,$A$18)=0,$A$18,MOD($A22+INDEX(_xlfn.TEXTSPLIT(I120,",",),0,1)+$A$18,$A$18))/5,0),ROUNDUP(IF(MOD(I$18+INDEX(_xlfn.TEXTSPLIT(I120,",",),0,2)+$A$18,$A$18)=0,$A$18,MOD(I$18+INDEX(_xlfn.TEXTSPLIT(I120,",",),0,2)+$A$18,$A$18))/5,0)))} -> 5 | ... AO22: {=(INDEX($K$2:$T$11,ROUNDUP(IF(MOD($A22+INDEX(_xlfn.TEXTSPLIT(AO77,",",),0,1)+$A$18,$A$18)=0,$A$18,MOD($A22+INDEX(_xlfn.TEXTSPLIT(AO77,",",),0,1)+$A$18,$A$18))/4,0),ROUNDUP(IF(MOD(AO$18+INDEX(_xlfn.TEXTSPLIT(AO77,",",),0,2)+$A$18,$A$18)=0,$A$18,MOD(AO$18+INDEX(_xlfn.TEXTSPLIT(AO77,",",),0,2)+$A$18,$A$18))/4,0)))+(INDEX($AD$2:$AK$9,ROUNDUP(IF(MOD($A22+INDEX(_xlfn.TEXTSPLIT(AO120,",",),0,1)+$A$18,$A$18)=0,$A$18,MOD($A22+INDEX(_xlfn.TEXTSPLIT(AO120,",",),0,1)+$A$18,$A$18))/5,0),ROUNDUP(IF(MOD(AO$18+INDEX(_xlfn.TEXTSPLIT(AO120,",",),0,2)+$A$18,$A$18)=0,$A$18,MOD(AO$18+INDEX(_xlfn.TEXTSPLIT(AO120,",",),0,2)+$A$18,$A$18))/5,0)))} -> 2
A23: 5 | B23: {=(INDEX($K$2:$T$11,ROUNDUP(IF(MOD($A23+INDEX(_xlfn.TEXTSPLIT(B78,",",),0,1)+$A$18,$A$18)=0,$A$18,MOD($A23+INDEX(_xlfn.TEXTSPLIT(B78,",",),0,1)+$A$18,$A$18))/4,0),ROUNDUP(IF(MOD(B$18+INDEX(_xlfn.TEXTSPLIT(B78,",",),0,2)+$A$18,$A$18)=0,$A$18,MOD(B$18+INDEX(_xlfn.TEXTSPLIT(B78,",",),0,2)+$A$18,$A$18))/4,0)))+(INDEX($AD$2:$AK$9,ROUNDUP(IF(MOD($A23+INDEX(_xlfn.TEXTSPLIT(B121,",",),0,1)+$A$18,$A$18)=0,$A$18,MOD($A23+INDEX(_xlfn.TEXTSPLIT(B121,",",),0,1)+$A$18,$A$18))/5,0),ROUNDUP(IF(MOD(B$18+INDEX(_xlfn.TEXTSPLIT(B121,",",),0,2)+$A$18,$A$18)=0,$A$18,MOD(B$18+INDEX(_xlfn.TEXTSPLIT(B121,",",),0,2)+$A$18,$A$18))/5,0)))} -> 6 | C23: {=(INDEX($K$2:$T$11,ROUNDUP(IF(MOD($A23+INDEX(_xlfn.TEXTSPLIT(C78,",",),0,1)+$A$18,$A$18)=0,$A$18,MOD($A23+INDEX(_xlfn.TEXTSPLIT(C78,",",),0,1)+$A$18,$A$18))/4,0),ROUNDUP(IF(MOD(C$18+INDEX(_xlfn.TEXTSPLIT(C78,",",),0,2)+$A$18,$A$18)=0,$A$18,MOD(C$18+INDEX(_xlfn.TEXTSPLIT(C78,",",),0,2)+$A$18,$A$18))/4,0)))+(INDEX($AD$2:$AK$9,ROUNDUP(IF(MOD($A23+INDEX(_xlfn.TEXTSPLIT(C121,",",),0,1)+$A$18,$A$18)=0,$A$18,MOD($A23+INDEX(_xlfn.TEXTSPLIT(C121,",",),0,1)+$A$18,$A$18))/5,0),ROUNDUP(IF(MOD(C$18+INDEX(_xlfn.TEXTSPLIT(C121,",",),0,2)+$A$18,$A$18)=0,$A$18,MOD(C$18+INDEX(_xlfn.TEXTSPLIT(C121,",",),0,2)+$A$18,$A$18))/5,0)))} -> 6 | D23: {=(INDEX($K$2:$T$11,ROUNDUP(IF(MOD($A23+INDEX(_xlfn.TEXTSPLIT(D78,",",),0,1)+$A$18,$A$18)=0,$A$18,MOD($A23+INDEX(_xlfn.TEXTSPLIT(D78,",",),0,1)+$A$18,$A$18))/4,0),ROUNDUP(IF(MOD(D$18+INDEX(_xlfn.TEXTSPLIT(D78,",",),0,2)+$A$18,$A$18)=0,$A$18,MOD(D$18+INDEX(_xlfn.TEXTSPLIT(D78,",",),0,2)+$A$18,$A$18))/4,0)))+(INDEX($AD$2:$AK$9,ROUNDUP(IF(MOD($A23+INDEX(_xlfn.TEXTSPLIT(D121,",",),0,1)+$A$18,$A$18)=0,$A$18,MOD($A23+INDEX(_xlfn.TEXTSPLIT(D121,",",),0,1)+$A$18,$A$18))/5,0),ROUNDUP(IF(MOD(D$18+INDEX(_xlfn.TEXTSPLIT(D121,",",),0,2)+$A$18,$A$18)=0,$A$18,MOD(D$18+INDEX(_xlfn.TEXTSPLIT(D121,",",),0,2)+$A$18,$A$18))/5,0)))} -> 2 | E23: {=(INDEX($K$2:$T$11,ROUNDUP(IF(MOD($A23+INDEX(_xlfn.TEXTSPLIT(E78,",",),0,1)+$A$18,$A$18)=0,$A$18,MOD($A23+INDEX(_xlfn.TEXTSPLIT(E78,",",),0,1)+$A$18,$A$18))/4,0),ROUNDUP(IF(MOD(E$18+INDEX(_xlfn.TEXTSPLIT(E78,",",),0,2)+$A$18,$A$18)=0,$A$18,MOD(E$18+INDEX(_xlfn.TEXTSPLIT(E78,",",),0,2)+$A$18,$A$18))/4,0)))+(INDEX($AD$2:$AK$9,ROUNDUP(IF(MOD($A23+INDEX(_xlfn.TEXTSPLIT(E121,",",),0,1)+$A$18,$A$18)=0,$A$18,MOD($A23+INDEX(_xlfn.TEXTSPLIT(E121,",",),0,1)+$A$18,$A$18))/5,0),ROUNDUP(IF(MOD(E$18+INDEX(_xlfn.TEXTSPLIT(E121,",",),0,2)+$A$18,$A$18)=0,$A$18,MOD(E$18+INDEX(_xlfn.TEXTSPLIT(E121,",",),0,2)+$A$18,$A$18))/5,0)))} -> 1 | F23: {=(INDEX($K$2:$T$11,ROUNDUP(IF(MOD($A23+INDEX(_xlfn.TEXTSPLIT(F78,",",),0,1)+$A$18,$A$18)=0,$A$18,MOD($A23+INDEX(_xlfn.TEXTSPLIT(F78,",",),0,1)+$A$18,$A$18))/4,0),ROUNDUP(IF(MOD(F$18+INDEX(_xlfn.TEXTSPLIT(F78,",",),0,2)+$A$18,$A$18)=0,$A$18,MOD(F$18+INDEX(_xlfn.TEXTSPLIT(F78,",",),0,2)+$A$18,$A$18))/4,0)))+(INDEX($AD$2:$AK$9,ROUNDUP(IF(MOD($A23+INDEX(_xlfn.TEXTSPLIT(F121,",",),0,1)+$A$18,$A$18)=0,$A$18,MOD($A23+INDEX(_xlfn.TEXTSPLIT(F121,",",),0,1)+$A$18,$A$18))/5,0),ROUNDUP(IF(MOD(F$18+INDEX(_xlfn.TEXTSPLIT(F121,",",),0,2)+$A$18,$A$18)=0,$A$18,MOD(F$18+INDEX(_xlfn.TEXTSPLIT(F121,",",),0,2)+$A$18,$A$18))/5,0)))} -> 5 | G23: {=(INDEX($K$2:$T$11,ROUNDUP(IF(MOD($A23+INDEX(_xlfn.TEXTSPLIT(G78,",",),0,1)+$A$18,$A$18)=0,$A$18,MOD($A23+INDEX(_xlfn.TEXTSPLIT(G78,",",),0,1)+$A$18,$A$18))/4,0),ROUNDUP(IF(MOD(G$18+INDEX(_xlfn.TEXTSPLIT(G78,",",),0,2)+$A$18,$A$18)=0,$A$18,MOD(G$18+INDEX(_xlfn.TEXTSPLIT(G78,",",),0,2)+$A$18,$A$18))/4,0)))+(INDEX($AD$2:$AK$9,ROUNDUP(IF(MOD($A23+INDEX(_xlfn.TEXTSPLIT(G121,",",),0,1)+$A$18,$A$18)=0,$A$18,MOD($A23+INDEX(_xlfn.TEXTSPLIT(G121,",",),0,1)+$A$18,$A$18))/5,0),ROUNDUP(IF(MOD(G$18+INDEX(_xlfn.TEXTSPLIT(G121,",",),0,2)+$A$18,$A$18)=0,$A$18,MOD(G$18+INDEX(_xlfn.TEXTSPLIT(G121,",",),0,2)+$A$18,$A$18))/5,0)))} -> 8 | H23: {=(INDEX($K$2:$T$11,ROUNDUP(IF(MOD($A23+INDEX(_xlfn.TEXTSPLIT(H78,",",),0,1)+$A$18,$A$18)=0,$A$18,MOD($A23+INDEX(_xlfn.TEXTSPLIT(H78,",",),0,1)+$A$18,$A$18))/4,0),ROUNDUP(IF(MOD(H$18+INDEX(_xlfn.TEXTSPLIT(H78,",",),0,2)+$A$18,$A$18)=0,$A$18,MOD(H$18+INDEX(_xlfn.TEXTSPLIT(H78,",",),0,2)+$A$18,$A$18))/4,0)))+(INDEX($AD$2:$AK$9,ROUNDUP(IF(MOD($A23+INDEX(_xlfn.TEXTSPLIT(H121,",",),0,1)+$A$18,$A$18)=0,$A$18,MOD($A23+INDEX(_xlfn.TEXTSPLIT(H121,",",),0,1)+$A$18,$A$18))/5,0),ROUNDUP(IF(MOD(H$18+INDEX(_xlfn.TEXTSPLIT(H121,",",),0,2)+$A$18,$A$18)=0,$A$18,MOD(H$18+INDEX(_xlfn.TEXTSPLIT(H121,",",),0,2)+$A$18,$A$18))/5,0)))} -> 8 | I23: {=(INDEX($K$2:$T$11,ROUNDUP(IF(MOD($A23+INDEX(_xlfn.TEXTSPLIT(I78,",",),0,1)+$A$18,$A$18)=0,$A$18,MOD($A23+INDEX(_xlfn.TEXTSPLIT(I78,",",),0,1)+$A$18,$A$18))/4,0),ROUNDUP(IF(MOD(I$18+INDEX(_xlfn.TEXTSPLIT(I78,",",),0,2)+$A$18,$A$18)=0,$A$18,MOD(I$18+INDEX(_xlfn.TEXTSPLIT(I78,",",),0,2)+$A$18,$A$18))/4,0)))+(INDEX($AD$2:$AK$9,ROUNDUP(IF(MOD($A23+INDEX(_xlfn.TEXTSPLIT(I121,",",),0,1)+$A$18,$A$18)=0,$A$18,MOD($A23+INDEX(_xlfn.TEXTSPLIT(I121,",",),0,1)+$A$18,$A$18))/5,0),ROUNDUP(IF(MOD(I$18+INDEX(_xlfn.TEXTSPLIT(I121,",",),0,2)+$A$18,$A$18)=0,$A$18,MOD(I$18+INDEX(_xlfn.TEXTSPLIT(I121,",",),0,2)+$A$18,$A$18))/5,0)))} -> 5 | ... AO23: {=(INDEX($K$2:$T$11,ROUNDUP(IF(MOD($A23+INDEX(_xlfn.TEXTSPLIT(AO78,",",),0,1)+$A$18,$A$18)=0,$A$18,MOD($A23+INDEX(_xlfn.TEXTSPLIT(AO78,",",),0,1)+$A$18,$A$18))/4,0),ROUNDUP(IF(MOD(AO$18+INDEX(_xlfn.TEXTSPLIT(AO78,",",),0,2)+$A$18,$A$18)=0,$A$18,MOD(AO$18+INDEX(_xlfn.TEXTSPLIT(AO78,",",),0,2)+$A$18,$A$18))/4,0)))+(INDEX($AD$2:$AK$9,ROUNDUP(IF(MOD($A23+INDEX(_xlfn.TEXTSPLIT(AO121,",",),0,1)+$A$18,$A$18)=0,$A$18,MOD($A23+INDEX(_xlfn.TEXTSPLIT(AO121,",",),0,1)+$A$18,$A$18))/5,0),ROUNDUP(IF(MOD(AO$18+INDEX(_xlfn.TEXTSPLIT(AO121,",",),0,2)+$A$18,$A$18)=0,$A$18,MOD(AO$18+INDEX(_xlfn.TEXTSPLIT(AO121,",",),0,2)+$A$18,$A$18))/5,0)))} -> 5
A24: 6 | B24: {=(INDEX($K$2:$T$11,ROUNDUP(IF(MOD($A24+INDEX(_xlfn.TEXTSPLIT(B79,",",),0,1)+$A$18,$A$18)=0,$A$18,MOD($A24+INDEX(_xlfn.TEXTSPLIT(B79,",",),0,1)+$A$18,$A$18))/4,0),ROUNDUP(IF(MOD(B$18+INDEX(_xlfn.TEXTSPLIT(B79,",",),0,2)+$A$18,$A$18)=0,$A$18,MOD(B$18+INDEX(_xlfn.TEXTSPLIT(B79,",",),0,2)+$A$18,$A$18))/4,0)))+(INDEX($AD$2:$AK$9,ROUNDUP(IF(MOD($A24+INDEX(_xlfn.TEXTSPLIT(B122,",",),0,1)+$A$18,$A$18)=0,$A$18,MOD($A24+INDEX(_xlfn.TEXTSPLIT(B122,",",),0,1)+$A$18,$A$18))/5,0),ROUNDUP(IF(MOD(B$18+INDEX(_xlfn.TEXTSPLIT(B122,",",),0,2)+$A$18,$A$18)=0,$A$18,MOD(B$18+INDEX(_xlfn.TEXTSPLIT(B122,",",),0,2)+$A$18,$A$18))/5,0)))} -> 1 | C24: {=(INDEX($K$2:$T$11,ROUNDUP(IF(MOD($A24+INDEX(_xlfn.TEXTSPLIT(C79,",",),0,1)+$A$18,$A$18)=0,$A$18,MOD($A24+INDEX(_xlfn.TEXTSPLIT(C79,",",),0,1)+$A$18,$A$18))/4,0),ROUNDUP(IF(MOD(C$18+INDEX(_xlfn.TEXTSPLIT(C79,",",),0,2)+$A$18,$A$18)=0,$A$18,MOD(C$18+INDEX(_xlfn.TEXTSPLIT(C79,",",),0,2)+$A$18,$A$18))/4,0)))+(INDEX($AD$2:$AK$9,ROUNDUP(IF(MOD($A24+INDEX(_xlfn.TEXTSPLIT(C122,",",),0,1)+$A$18,$A$18)=0,$A$18,MOD($A24+INDEX(_xlfn.TEXTSPLIT(C122,",",),0,1)+$A$18,$A$18))/5,0),ROUNDUP(IF(MOD(C$18+INDEX(_xlfn.TEXTSPLIT(C122,",",),0,2)+$A$18,$A$18)=0,$A$18,MOD(C$18+INDEX(_xlfn.TEXTSPLIT(C122,",",),0,2)+$A$18,$A$18))/5,0)))} -> 6 | D24: {=(INDEX($K$2:$T$11,ROUNDUP(IF(MOD($A24+INDEX(_xlfn.TEXTSPLIT(D79,",",),0,1)+$A$18,$A$18)=0,$A$18,MOD($A24+INDEX(_xlfn.TEXTSPLIT(D79,",",),0,1)+$A$18,$A$18))/4,0),ROUNDUP(IF(MOD(D$18+INDEX(_xlfn.TEXTSPLIT(D79,",",),0,2)+$A$18,$A$18)=0,$A$18,MOD(D$18+INDEX(_xlfn.TEXTSPLIT(D79,",",),0,2)+$A$18,$A$18))/4,0)))+(INDEX($AD$2:$AK$9,ROUNDUP(IF(MOD($A24+INDEX(_xlfn.TEXTSPLIT(D122,",",),0,1)+$A$18,$A$18)=0,$A$18,MOD($A24+INDEX(_xlfn.TEXTSPLIT(D122,",",),0,1)+$A$18,$A$18))/5,0),ROUNDUP(IF(MOD(D$18+INDEX(_xlfn.TEXTSPLIT(D122,",",),0,2)+$A$18,$A$18)=0,$A$18,MOD(D$18+INDEX(_xlfn.TEXTSPLIT(D122,",",),0,2)+$A$18,$A$18))/5,0)))} -> 6 | E24: {=(INDEX($K$2:$T$11,ROUNDUP(IF(MOD($A24+INDEX(_xlfn.TEXTSPLIT(E79,",",),0,1)+$A$18,$A$18)=0,$A$18,MOD($A24+INDEX(_xlfn.TEXTSPLIT(E79,",",),0,1)+$A$18,$A$18))/4,0),ROUNDUP(IF(MOD(E$18+INDEX(_xlfn.TEXTSPLIT(E79,",",),0,2)+$A$18,$A$18)=0,$A$18,MOD(E$18+INDEX(_xlfn.TEXTSPLIT(E79,",",),0,2)+$A$18,$A$18))/4,0)))+(INDEX($AD$2:$AK$9,ROUNDUP(IF(MOD($A24+INDEX(_xlfn.TEXTSPLIT(E122,",",),0,1)+$A$18,$A$18)=0,$A$18,MOD($A24+INDEX(_xlfn.TEXTSPLIT(E122,",",),0,1)+$A$18,$A$18))/5,0),ROUNDUP(IF(MOD(E$18+INDEX(_xlfn.TEXTSPLIT(E122,",",),0,2)+$A$18,$A$18)=0,$A$18,MOD(E$18+INDEX(_xlfn.TEXTSPLIT(E122,",",),0,2)+$A$18,$A$18))/5,0)))} -> 5 | F24: {=(INDEX($K$2:$T$11,ROUNDUP(IF(MOD($A24+INDEX(_xlfn.TEXTSPLIT(F79,",",),0,1)+$A$18,$A$18)=0,$A$18,MOD($A24+INDEX(_xlfn.TEXTSPLIT(F79,",",),0,1)+$A$18,$A$18))/4,0),ROUNDUP(IF(MOD(F$18+INDEX(_xlfn.TEXTSPLIT(F79,",",),0,2)+$A$18,$A$18)=0,$A$18,MOD(F$18+INDEX(_xlfn.TEXTSPLIT(F79,",",),0,2)+$A$18,$A$18))/4,0)))+(INDEX($AD$2:$AK$9,ROUNDUP(IF(MOD($A24+INDEX(_xlfn.TEXTSPLIT(F122,",",),0,1)+$A$18,$A$18)=0,$A$18,MOD($A24+INDEX(_xlfn.TEXTSPLIT(F122,",",),0,1)+$A$18,$A$18))/5,0),ROUNDUP(IF(MOD(F$18+INDEX(_xlfn.TEXTSPLIT(F122,",",),0,2)+$A$18,$A$18)=0,$A$18,MOD(F$18+INDEX(_xlfn.TEXTSPLIT(F122,",",),0,2)+$A$18,$A$18))/5,0)))} -> 5 | G24: {=(INDEX($K$2:$T$11,ROUNDUP(IF(MOD($A24+INDEX(_xlfn.TEXTSPLIT(G79,",",),0,1)+$A$18,$A$18)=0,$A$18,MOD($A24+INDEX(_xlfn.TEXTSPLIT(G79,",",),0,1)+$A$18,$A$18))/4,0),ROUNDUP(IF(MOD(G$18+INDEX(_xlfn.TEXTSPLIT(G79,",",),0,2)+$A$18,$A$18)=0,$A$18,MOD(G$18+INDEX(_xlfn.TEXTSPLIT(G79,",",),0,2)+$A$18,$A$18))/4,0)))+(INDEX($AD$2:$AK$9,ROUNDUP(IF(MOD($A24+INDEX(_xlfn.TEXTSPLIT(G122,",",),0,1)+$A$18,$A$18)=0,$A$18,MOD($A24+INDEX(_xlfn.TEXTSPLIT(G122,",",),0,1)+$A$18,$A$18))/5,0),ROUNDUP(IF(MOD(G$18+INDEX(_xlfn.TEXTSPLIT(G122,",",),0,2)+$A$18,$A$18)=0,$A$18,MOD(G$18+INDEX(_xlfn.TEXTSPLIT(G122,",",),0,2)+$A$18,$A$18))/5,0)))} -> 5 | H24: {=(INDEX($K$2:$T$11,ROUNDUP(IF(MOD($A24+INDEX(_xlfn.TEXTSPLIT(H79,",",),0,1)+$A$18,$A$18)=0,$A$18,MOD($A24+INDEX(_xlfn.TEXTSPLIT(H79,",",),0,1)+$A$18,$A$18))/4,0),ROUNDUP(IF(MOD(H$18+INDEX(_xlfn.TEXTSPLIT(H79,",",),0,2)+$A$18,$A$18)=0,$A$18,MOD(H$18+INDEX(_xlfn.TEXTSPLIT(H79,",",),0,2)+$A$18,$A$18))/4,0)))+(INDEX($AD$2:$AK$9,ROUNDUP(IF(MOD($A24+INDEX(_xlfn.TEXTSPLIT(H122,",",),0,1)+$A$18,$A$18)=0,$A$18,MOD($A24+INDEX(_xlfn.TEXTSPLIT(H122,",",),0,1)+$A$18,$A$18))/5,0),ROUNDUP(IF(MOD(H$18+INDEX(_xlfn.TEXTSPLIT(H122,",",),0,2)+$A$18,$A$18)=0,$A$18,MOD(H$18+INDEX(_xlfn.TEXTSPLIT(H122,",",),0,2)+$A$18,$A$18))/5,0)))} -> 8 | I24: {=(INDEX($K$2:$T$11,ROUNDUP(IF(MOD($A24+INDEX(_xlfn.TEXTSPLIT(I79,",",),0,1)+$A$18,$A$18)=0,$A$18,MOD($A24+INDEX(_xlfn.TEXTSPLIT(I79,",",),0,1)+$A$18,$A$18))/4,0),ROUNDUP(IF(MOD(I$18+INDEX(_xlfn.TEXTSPLIT(I79,",",),0,2)+$A$18,$A$18)=0,$A$18,MOD(I$18+INDEX(_xlfn.TEXTSPLIT(I79,",",),0,2)+$A$18,$A$18))/4,0)))+(INDEX($AD$2:$AK$9,ROUNDUP(IF(MOD($A24+INDEX(_xlfn.TEXTSPLIT(I122,",",),0,1)+$A$18,$A$18)=0,$A$18,MOD($A24+INDEX(_xlfn.TEXTSPLIT(I122,",",),0,1)+$A$18,$A$18))/5,0),ROUNDUP(IF(MOD(I$18+INDEX(_xlfn.TEXTSPLIT(I122,",",),0,2)+$A$18,$A$18)=0,$A$18,MOD(I$18+INDEX(_xlfn.TEXTSPLIT(I122,",",),0,2)+$A$18,$A$18))/5,0)))} -> 8 | ... AO24: {=(INDEX($K$2:$T$11,ROUNDUP(IF(MOD($A24+INDEX(_xlfn.TEXTSPLIT(AO79,",",),0,1)+$A$18,$A$18)=0,$A$18,MOD($A24+INDEX(_xlfn.TEXTSPLIT(AO79,",",),0,1)+$A$18,$A$18))/4,0),ROUNDUP(IF(MOD(AO$18+INDEX(_xlfn.TEXTSPLIT(AO79,",",),0,2)+$A$18,$A$18)=0,$A$18,MOD(AO$18+INDEX(_xlfn.TEXTSPLIT(AO79,",",),0,2)+$A$18,$A$18))/4,0)))+(INDEX($AD$2:$AK$9,ROUNDUP(IF(MOD($A24+INDEX(_xlfn.TEXTSPLIT(AO122,",",),0,1)+$A$18,$A$18)=0,$A$18,MOD($A24+INDEX(_xlfn.TEXTSPLIT(AO122,",",),0,1)+$A$18,$A$18))/5,0),ROUNDUP(IF(MOD(AO$18+INDEX(_xlfn.TEXTSPLIT(AO122,",",),0,2)+$A$18,$A$18)=0,$A$18,MOD(AO$18+INDEX(_xlfn.TEXTSPLIT(AO122,",",),0,2)+$A$18,$A$18))/5,0)))} -> 2
A25: 7 | B25: {=(INDEX($K$2:$T$11,ROUNDUP(IF(MOD($A25+INDEX(_xlfn.TEXTSPLIT(B80,",",),0,1)+$A$18,$A$18)=0,$A$18,MOD($A25+INDEX(_xlfn.TEXTSPLIT(B80,",",),0,1)+$A$18,$A$18))/4,0),ROUNDUP(IF(MOD(B$18+INDEX(_xlfn.TEXTSPLIT(B80,",",),0,2)+$A$18,$A$18)=0,$A$18,MOD(B$18+INDEX(_xlfn.TEXTSPLIT(B80,",",),0,2)+$A$18,$A$18))/4,0)))+(INDEX($AD$2:$AK$9,ROUNDUP(IF(MOD($A25+INDEX(_xlfn.TEXTSPLIT(B123,",",),0,1)+$A$18,$A$18)=0,$A$18,MOD($A25+INDEX(_xlfn.TEXTSPLIT(B123,",",),0,1)+$A$18,$A$18))/5,0),ROUNDUP(IF(MOD(B$18+INDEX(_xlfn.TEXTSPLIT(B123,",",),0,2)+$A$18,$A$18)=0,$A$18,MOD(B$18+INDEX(_xlfn.TEXTSPLIT(B123,",",),0,2)+$A$18,$A$18))/5,0)))} -> 1 | C25: {=(INDEX($K$2:$T$11,ROUNDUP(IF(MOD($A25+INDEX(_xlfn.TEXTSPLIT(C80,",",),0,1)+$A$18,$A$18)=0,$A$18,MOD($A25+INDEX(_xlfn.TEXTSPLIT(C80,",",),0,1)+$A$18,$A$18))/4,0),ROUNDUP(IF(MOD(C$18+INDEX(_xlfn.TEXTSPLIT(C80,",",),0,2)+$A$18,$A$18)=0,$A$18,MOD(C$18+INDEX(_xlfn.TEXTSPLIT(C80,",",),0,2)+$A$18,$A$18))/4,0)))+(INDEX($AD$2:$AK$9,ROUNDUP(IF(MOD($A25+INDEX(_xlfn.TEXTSPLIT(C123,",",),0,1)+$A$18,$A$18)=0,$A$18,MOD($A25+INDEX(_xlfn.TEXTSPLIT(C123,",",),0,1)+$A$18,$A$18))/5,0),ROUNDUP(IF(MOD(C$18+INDEX(_xlfn.TEXTSPLIT(C123,",",),0,2)+$A$18,$A$18)=0,$A$18,MOD(C$18+INDEX(_xlfn.TEXTSPLIT(C123,",",),0,2)+$A$18,$A$18))/5,0)))} -> 5 | D25: {=(INDEX($K$2:$T$11,ROUNDUP(IF(MOD($A25+INDEX(_xlfn.TEXTSPLIT(D80,",",),0,1)+$A$18,$A$18)=0,$A$18,MOD($A25+INDEX(_xlfn.TEXTSPLIT(D80,",",),0,1)+$A$18,$A$18))/4,0),ROUNDUP(IF(MOD(D$18+INDEX(_xlfn.TEXTSPLIT(D80,",",),0,2)+$A$18,$A$18)=0,$A$18,MOD(D$18+INDEX(_xlfn.TEXTSPLIT(D80,",",),0,2)+$A$18,$A$18))/4,0)))+(INDEX($AD$2:$AK$9,ROUNDUP(IF(MOD($A25+INDEX(_xlfn.TEXTSPLIT(D123,",",),0,1)+$A$18,$A$18)=0,$A$18,MOD($A25+INDEX(_xlfn.TEXTSPLIT(D123,",",),0,1)+$A$18,$A$18))/5,0),ROUNDUP(IF(MOD(D$18+INDEX(_xlfn.TEXTSPLIT(D123,",",),0,2)+$A$18,$A$18)=0,$A$18,MOD(D$18+INDEX(_xlfn.TEXTSPLIT(D123,",",),0,2)+$A$18,$A$18))/5,0)))} -> 5 | E25: {=(INDEX($K$2:$T$11,ROUNDUP(IF(MOD($A25+INDEX(_xlfn.TEXTSPLIT(E80,",",),0,1)+$A$18,$A$18)=0,$A$18,MOD($A25+INDEX(_xlfn.TEXTSPLIT(E80,",",),0,1)+$A$18,$A$18))/4,0),ROUNDUP(IF(MOD(E$18+INDEX(_xlfn.TEXTSPLIT(E80,",",),0,2)+$A$18,$A$18)=0,$A$18,MOD(E$18+INDEX(_xlfn.TEXTSPLIT(E80,",",),0,2)+$A$18,$A$18))/4,0)))+(INDEX($AD$2:$AK$9,ROUNDUP(IF(MOD($A25+INDEX(_xlfn.TEXTSPLIT(E123,",",),0,1)+$A$18,$A$18)=0,$A$18,MOD($A25+INDEX(_xlfn.TEXTSPLIT(E123,",",),0,1)+$A$18,$A$18))/5,0),ROUNDUP(IF(MOD(E$18+INDEX(_xlfn.TEXTSPLIT(E123,",",),0,2)+$A$18,$A$18)=0,$A$18,MOD(E$18+INDEX(_xlfn.TEXTSPLIT(E123,",",),0,2)+$A$18,$A$18))/5,0)))} -> 5 | F25: {=(INDEX($K$2:$T$11,ROUNDUP(IF(MOD($A25+INDEX(_xlfn.TEXTSPLIT(F80,",",),0,1)+$A$18,$A$18)=0,$A$18,MOD($A25+INDEX(_xlfn.TEXTSPLIT(F80,",",),0,1)+$A$18,$A$18))/4,0),ROUNDUP(IF(MOD(F$18+INDEX(_xlfn.TEXTSPLIT(F80,",",),0,2)+$A$18,$A$18)=0,$A$18,MOD(F$18+INDEX(_xlfn.TEXTSPLIT(F80,",",),0,2)+$A$18,$A$18))/4,0)))+(INDEX($AD$2:$AK$9,ROUNDUP(IF(MOD($A25+INDEX(_xlfn.TEXTSPLIT(F123,",",),0,1)+$A$18,$A$18)=0,$A$18,MOD($A25+INDEX(_xlfn.TEXTSPLIT(F123,",",),0,1)+$A$18,$A$18))/5,0),ROUNDUP(IF(MOD(F$18+INDEX(_xlfn.TEXTSPLIT(F123,",",),0,2)+$A$18,$A$18)=0,$A$18,MOD(F$18+INDEX(_xlfn.TEXTSPLIT(F123,",",),0,2)+$A$18,$A$18))/5,0)))} -> 8 | G25: {=(INDEX($K$2:$T$11,ROUNDUP(IF(MOD($A25+INDEX(_xlfn.TEXTSPLIT(G80,",",),0,1)+$A$18,$A$18)=0,$A$18,MOD($A25+INDEX(_xlfn.TEXTSPLIT(G80,",",),0,1)+$A$18,$A$18))/4,0),ROUNDUP(IF(MOD(G$18+INDEX(_xlfn.TEXTSPLIT(G80,",",),0,2)+$A$18,$A$18)=0,$A$18,MOD(G$18+INDEX(_xlfn.TEXTSPLIT(G80,",",),0,2)+$A$18,$A$18))/4,0)))+(INDEX($AD$2:$AK$9,ROUNDUP(IF(MOD($A25+INDEX(_xlfn.TEXTSPLIT(G123,",",),0,1)+$A$18,$A$18)=0,$A$18,MOD($A25+INDEX(_xlfn.TEXTSPLIT(G123,",",),0,1)+$A$18,$A$18))/5,0),ROUNDUP(IF(MOD(G$18+INDEX(_xlfn.TEXTSPLIT(G123,",",),0,2)+$A$18,$A$18)=0,$A$18,MOD(G$18+INDEX(_xlfn.TEXTSPLIT(G123,",",),0,2)+$A$18,$A$18))/5,0)))} -> 8 | H25: {=(INDEX($K$2:$T$11,ROUNDUP(IF(MOD($A25+INDEX(_xlfn.TEXTSPLIT(H80,",",),0,1)+$A$18,$A$18)=0,$A$18,MOD($A25+INDEX(_xlfn.TEXTSPLIT(H80,",",),0,1)+$A$18,$A$18))/4,0),ROUNDUP(IF(MOD(H$18+INDEX(_xlfn.TEXTSPLIT(H80,",",),0,2)+$A$18,$A$18)=0,$A$18,MOD(H$18+INDEX(_xlfn.TEXTSPLIT(H80,",",),0,2)+$A$18,$A$18))/4,0)))+(INDEX($AD$2:$AK$9,ROUNDUP(IF(MOD($A25+INDEX(_xlfn.TEXTSPLIT(H123,",",),0,1)+$A$18,$A$18)=0,$A$18,MOD($A25+INDEX(_xlfn.TEXTSPLIT(H123,",",),0,1)+$A$18,$A$18))/5,0),ROUNDUP(IF(MOD(H$18+INDEX(_xlfn.TEXTSPLIT(H123,",",),0,2)+$A$18,$A$18)=0,$A$18,MOD(H$18+INDEX(_xlfn.TEXTSPLIT(H123,",",),0,2)+$A$18,$A$18))/5,0)))} -> 8 | I25: {=(INDEX($K$2:$T$11,ROUNDUP(IF(MOD($A25+INDEX(_xlfn.TEXTSPLIT(I80,",",),0,1)+$A$18,$A$18)=0,$A$18,MOD($A25+INDEX(_xlfn.TEXTSPLIT(I80,",",),0,1)+$A$18,$A$18))/4,0),ROUNDUP(IF(MOD(I$18+INDEX(_xlfn.TEXTSPLIT(I80,",",),0,2)+$A$18,$A$18)=0,$A$18,MOD(I$18+INDEX(_xlfn.TEXTSPLIT(I80,",",),0,2)+$A$18,$A$18))/4,0)))+(INDEX($AD$2:$AK$9,ROUNDUP(IF(MOD($A25+INDEX(_xlfn.TEXTSPLIT(I123,",",),0,1)+$A$18,$A$18)=0,$A$18,MOD($A25+INDEX(_xlfn.TEXTSPLIT(I123,",",),0,1)+$A$18,$A$18))/5,0),ROUNDUP(IF(MOD(I$18+INDEX(_xlfn.TEXTSPLIT(I123,",",),0,2)+$A$18,$A$18)=0,$A$18,MOD(I$18+INDEX(_xlfn.TEXTSPLIT(I123,",",),0,2)+$A$18,$A$18))/5,0)))} -> 8 | ... AO25: {=(INDEX($K$2:$T$11,ROUNDUP(IF(MOD($A25+INDEX(_xlfn.TEXTSPLIT(AO80,",",),0,1)+$A$18,$A$18)=0,$A$18,MOD($A25+INDEX(_xlfn.TEXTSPLIT(AO80,",",),0,1)+$A$18,$A$18))/4,0),ROUNDUP(IF(MOD(AO$18+INDEX(_xlfn.TEXTSPLIT(AO80,",",),0,2)+$A$18,$A$18)=0,$A$18,MOD(AO$18+INDEX(_xlfn.TEXTSPLIT(AO80,",",),0,2)+$A$18,$A$18))/4,0)))+(INDEX($AD$2:$AK$9,ROUNDUP(IF(MOD($A25+INDEX(_xlfn.TEXTSPLIT(AO123,",",),0,1)+$A$18,$A$18)=0,$A$18,MOD($A25+INDEX(_xlfn.TEXTSPLIT(AO123,",",),0,1)+$A$18,$A$18))/5,0),ROUNDUP(IF(MOD(AO$18+INDEX(_xlfn.TEXTSPLIT(AO123,",",),0,2)+$A$18,$A$18)=0,$A$18,MOD(AO$18+INDEX(_xlfn.TEXTSPLIT(AO123,",",),0,2)+$A$18,$A$18))/5,0)))} -> 1
A26: 8 | B26: {=(INDEX($K$2:$T$11,ROUNDUP(IF(MOD($A26+INDEX(_xlfn.TEXTSPLIT(B81,",",),0,1)+$A$18,$A$18)=0,$A$18,MOD($A26+INDEX(_xlfn.TEXTSPLIT(B81,",",),0,1)+$A$18,$A$18))/4,0),ROUNDUP(IF(MOD(B$18+INDEX(_xlfn.TEXTSPLIT(B81,",",),0,2)+$A$18,$A$18)=0,$A$18,MOD(B$18+INDEX(_xlfn.TEXTSPLIT(B81,",",),0,2)+$A$18,$A$18))/4,0)))+(INDEX($AD$2:$AK$9,ROUNDUP(IF(MOD($A26+INDEX(_xlfn.TEXTSPLIT(B124,",",),0,1)+$A$18,$A$18)=0,$A$18,MOD($A26+INDEX(_xlfn.TEXTSPLIT(B124,",",),0,1)+$A$18,$A$18))/5,0),ROUNDUP(IF(MOD(B$18+INDEX(_xlfn.TEXTSPLIT(B124,",",),0,2)+$A$18,$A$18)=0,$A$18,MOD(B$18+INDEX(_xlfn.TEXTSPLIT(B124,",",),0,2)+$A$18,$A$18))/5,0)))} -> 5 | C26: {=(INDEX($K$2:$T$11,ROUNDUP(IF(MOD($A26+INDEX(_xlfn.TEXTSPLIT(C81,",",),0,1)+$A$18,$A$18)=0,$A$18,MOD($A26+INDEX(_xlfn.TEXTSPLIT(C81,",",),0,1)+$A$18,$A$18))/4,0),ROUNDUP(IF(MOD(C$18+INDEX(_xlfn.TEXTSPLIT(C81,",",),0,2)+$A$18,$A$18)=0,$A$18,MOD(C$18+INDEX(_xlfn.TEXTSPLIT(C81,",",),0,2)+$A$18,$A$18))/4,0)))+(INDEX($AD$2:$AK$9,ROUNDUP(IF(MOD($A26+INDEX(_xlfn.TEXTSPLIT(C124,",",),0,1)+$A$18,$A$18)=0,$A$18,MOD($A26+INDEX(_xlfn.TEXTSPLIT(C124,",",),0,1)+$A$18,$A$18))/5,0),ROUNDUP(IF(MOD(C$18+INDEX(_xlfn.TEXTSPLIT(C124,",",),0,2)+$A$18,$A$18)=0,$A$18,MOD(C$18+INDEX(_xlfn.TEXTSPLIT(C124,",",),0,2)+$A$18,$A$18))/5,0)))} -> 5 | D26: {=(INDEX($K$2:$T$11,ROUNDUP(IF(MOD($A26+INDEX(_xlfn.TEXTSPLIT(D81,",",),0,1)+$A$18,$A$18)=0,$A$18,MOD($A26+INDEX(_xlfn.TEXTSPLIT(D81,",",),0,1)+$A$18,$A$18))/4,0),ROUNDUP(IF(MOD(D$18+INDEX(_xlfn.TEXTSPLIT(D81,",",),0,2)+$A$18,$A$18)=0,$A$18,MOD(D$18+INDEX(_xlfn.TEXTSPLIT(D81,",",),0,2)+$A$18,$A$18))/4,0)))+(INDEX($AD$2:$AK$9,ROUNDUP(IF(MOD($A26+INDEX(_xlfn.TEXTSPLIT(D124,",",),0,1)+$A$18,$A$18)=0,$A$18,MOD($A26+INDEX(_xlfn.TEXTSPLIT(D124,",",),0,1)+$A$18,$A$18))/5,0),ROUNDUP(IF(MOD(D$18+INDEX(_xlfn.TEXTSPLIT(D124,",",),0,2)+$A$18,$A$18)=0,$A$18,MOD(D$18+INDEX(_xlfn.TEXTSPLIT(D124,",",),0,2)+$A$18,$A$18))/5,0)))} -> 5 | E26: {=(INDEX($K$2:$T$11,ROUNDUP(IF(MOD($A26+INDEX(_xlfn.TEXTSPLIT(E81,",",),0,1)+$A$18,$A$18)=0,$A$18,MOD($A26+INDEX(_xlfn.TEXTSPLIT(E81,",",),0,1)+$A$18,$A$18))/4,0),ROUNDUP(IF(MOD(E$18+INDEX(_xlfn.TEXTSPLIT(E81,",",),0,2)+$A$18,$A$18)=0,$A$18,MOD(E$18+INDEX(_xlfn.TEXTSPLIT(E81,",",),0,2)+$A$18,$A$18))/4,0)))+(INDEX($AD$2:$AK$9,ROUNDUP(IF(MOD($A26+INDEX(_xlfn.TEXTSPLIT(E124,",",),0,1)+$A$18,$A$18)=0,$A$18,MOD($A26+INDEX(_xlfn.TEXTSPLIT(E124,",",),0,1)+$A$18,$A$18))/5,0),ROUNDUP(IF(MOD(E$18+INDEX(_xlfn.TEXTSPLIT(E124,",",),0,2)+$A$18,$A$18)=0,$A$18,MOD(E$18+INDEX(_xlfn.TEXTSPLIT(E124,",",),0,2)+$A$18,$A$18))/5,0)))} -> 5 | F26: {=(INDEX($K$2:$T$11,ROUNDUP(IF(MOD($A26+INDEX(_xlfn.TEXTSPLIT(F81,",",),0,1)+$A$18,$A$18)=0,$A$18,MOD($A26+INDEX(_xlfn.TEXTSPLIT(F81,",",),0,1)+$A$18,$A$18))/4,0),ROUNDUP(IF(MOD(F$18+INDEX(_xlfn.TEXTSPLIT(F81,",",),0,2)+$A$18,$A$18)=0,$A$18,MOD(F$18+INDEX(_xlfn.TEXTSPLIT(F81,",",),0,2)+$A$18,$A$18))/4,0)))+(INDEX($AD$2:$AK$9,ROUNDUP(IF(MOD($A26+INDEX(_xlfn.TEXTSPLIT(F124,",",),0,1)+$A$18,$A$18)=0,$A$18,MOD($A26+INDEX(_xlfn.TEXTSPLIT(F124,",",),0,1)+$A$18,$A$18))/5,0),ROUNDUP(IF(MOD(F$18+INDEX(_xlfn.TEXTSPLIT(F124,",",),0,2)+$A$18,$A$18)=0,$A$18,MOD(F$18+INDEX(_xlfn.TEXTSPLIT(F124,",",),0,2)+$A$18,$A$18))/5,0)))} -> 5 | G26: {=(INDEX($K$2:$T$11,ROUNDUP(IF(MOD($A26+INDEX(_xlfn.TEXTSPLIT(G81,",",),0,1)+$A$18,$A$18)=0,$A$18,MOD($A26+INDEX(_xlfn.TEXTSPLIT(G81,",",),0,1)+$A$18,$A$18))/4,0),ROUNDUP(IF(MOD(G$18+INDEX(_xlfn.TEXTSPLIT(G81,",",),0,2)+$A$18,$A$18)=0,$A$18,MOD(G$18+INDEX(_xlfn.TEXTSPLIT(G81,",",),0,2)+$A$18,$A$18))/4,0)))+(INDEX($AD$2:$AK$9,ROUNDUP(IF(MOD($A26+INDEX(_xlfn.TEXTSPLIT(G124,",",),0,1)+$A$18,$A$18)=0,$A$18,MOD($A26+INDEX(_xlfn.TEXTSPLIT(G124,",",),0,1)+$A$18,$A$18))/5,0),ROUNDUP(IF(MOD(G$18+INDEX(_xlfn.TEXTSPLIT(G124,",",),0,2)+$A$18,$A$18)=0,$A$18,MOD(G$18+INDEX(_xlfn.TEXTSPLIT(G124,",",),0,2)+$A$18,$A$18))/5,0)))} -> 8 | H26: {=(INDEX($K$2:$T$11,ROUNDUP(IF(MOD($A26+INDEX(_xlfn.TEXTSPLIT(H81,",",),0,1)+$A$18,$A$18)=0,$A$18,MOD($A26+INDEX(_xlfn.TEXTSPLIT(H81,",",),0,1)+$A$18,$A$18))/4,0),ROUNDUP(IF(MOD(H$18+INDEX(_xlfn.TEXTSPLIT(H81,",",),0,2)+$A$18,$A$18)=0,$A$18,MOD(H$18+INDEX(_xlfn.TEXTSPLIT(H81,",",),0,2)+$A$18,$A$18))/4,0)))+(INDEX($AD$2:$AK$9,ROUNDUP(IF(MOD($A26+INDEX(_xlfn.TEXTSPLIT(H124,",",),0,1)+$A$18,$A$18)=0,$A$18,MOD($A26+INDEX(_xlfn.TEXTSPLIT(H124,",",),0,1)+$A$18,$A$18))/5,0),ROUNDUP(IF(MOD(H$18+INDEX(_xlfn.TEXTSPLIT(H124,",",),0,2)+$A$18,$A$18)=0,$A$18,MOD(H$18+INDEX(_xlfn.TEXTSPLIT(H124,",",),0,2)+$A$18,$A$18))/5,0)))} -> 8 | I26: {=(INDEX($K$2:$T$11,ROUNDUP(IF(MOD($A26+INDEX(_xlfn.TEXTSPLIT(I81,",",),0,1)+$A$18,$A$18)=0,$A$18,MOD($A26+INDEX(_xlfn.TEXTSPLIT(I81,",",),0,1)+$A$18,$A$18))/4,0),ROUNDUP(IF(MOD(I$18+INDEX(_xlfn.TEXTSPLIT(I81,",",),0,2)+$A$18,$A$18)=0,$A$18,MOD(I$18+INDEX(_xlfn.TEXTSPLIT(I81,",",),0,2)+$A$18,$A$18))/4,0)))+(INDEX($AD$2:$AK$9,ROUNDUP(IF(MOD($A26+INDEX(_xlfn.TEXTSPLIT(I124,",",),0,1)+$A$18,$A$18)=0,$A$18,MOD($A26+INDEX(_xlfn.TEXTSPLIT(I124,",",),0,1)+$A$18,$A$18))/5,0),ROUNDUP(IF(MOD(I$18+INDEX(_xlfn.TEXTSPLIT(I124,",",),0,2)+$A$18,$A$18)=0,$A$18,MOD(I$18+INDEX(_xlfn.TEXTSPLIT(I124,",",),0,2)+$A$18,$A$18))/5,0)))} -> 8 | ... AO26: {=(INDEX($K$2:$T$11,ROUNDUP(IF(MOD($A26+INDEX(_xlfn.TEXTSPLIT(AO81,",",),0,1)+$A$18,$A$18)=0,$A$18,MOD($A26+INDEX(_xlfn.TEXTSPLIT(AO81,",",),0,1)+$A$18,$A$18))/4,0),ROUNDUP(IF(MOD(AO$18+INDEX(_xlfn.TEXTSPLIT(AO81,",",),0,2)+$A$18,$A$18)=0,$A$18,MOD(AO$18+INDEX(_xlfn.TEXTSPLIT(AO81,",",),0,2)+$A$18,$A$18))/4,0)))+(INDEX($AD$2:$AK$9,ROUNDUP(IF(MOD($A26+INDEX(_xlfn.TEXTSPLIT(AO124,",",),0,1)+$A$18,$A$18)=0,$A$18,MOD($A26+INDEX(_xlfn.TEXTSPLIT(AO124,",",),0,1)+$A$18,$A$18))/5,0),ROUNDUP(IF(MOD(AO$18+INDEX(_xlfn.TEXTSPLIT(AO124,",",),0,2)+$A$18,$A$18)=0,$A$18,MOD(AO$18+INDEX(_xlfn.TEXTSPLIT(AO124,",",),0,2)+$A$18,$A$18))/5,0)))} -> 1
A27: 9 | B27: {=(INDEX($K$2:$T$11,ROUNDUP(IF(MOD($A27+INDEX(_xlfn.TEXTSPLIT(B82,",",),0,1)+$A$18,$A$18)=0,$A$18,MOD($A27+INDEX(_xlfn.TEXTSPLIT(B82,",",),0,1)+$A$18,$A$18))/4,0),ROUNDUP(IF(MOD(B$18+INDEX(_xlfn.TEXTSPLIT(B82,",",),0,2)+$A$18,$A$18)=0,$A$18,MOD(B$18+INDEX(_xlfn.TEXTSPLIT(B82,",",),0,2)+$A$18,$A$18))/4,0)))+(INDEX($AD$2:$AK$9,ROUNDUP(IF(MOD($A27+INDEX(_xlfn.TEXTSPLIT(B125,",",),0,1)+$A$18,$A$18)=0,$A$18,MOD($A27+INDEX(_xlfn.TEXTSPLIT(B125,",",),0,1)+$A$18,$A$18))/5,0),ROUNDUP(IF(MOD(B$18+INDEX(_xlfn.TEXTSPLIT(B125,",",),0,2)+$A$18,$A$18)=0,$A$18,MOD(B$18+INDEX(_xlfn.TEXTSPLIT(B125,",",),0,2)+$A$18,$A$18))/5,0)))} -> 5 | C27: {=(INDEX($K$2:$T$11,ROUNDUP(IF(MOD($A27+INDEX(_xlfn.TEXTSPLIT(C82,",",),0,1)+$A$18,$A$18)=0,$A$18,MOD($A27+INDEX(_xlfn.TEXTSPLIT(C82,",",),0,1)+$A$18,$A$18))/4,0),ROUNDUP(IF(MOD(C$18+INDEX(_xlfn.TEXTSPLIT(C82,",",),0,2)+$A$18,$A$18)=0,$A$18,MOD(C$18+INDEX(_xlfn.TEXTSPLIT(C82,",",),0,2)+$A$18,$A$18))/4,0)))+(INDEX($AD$2:$AK$9,ROUNDUP(IF(MOD($A27+INDEX(_xlfn.TEXTSPLIT(C125,",",),0,1)+$A$18,$A$18)=0,$A$18,MOD($A27+INDEX(_xlfn.TEXTSPLIT(C125,",",),0,1)+$A$18,$A$18))/5,0),ROUNDUP(IF(MOD(C$18+INDEX(_xlfn.TEXTSPLIT(C125,",",),0,2)+$A$18,$A$18)=0,$A$18,MOD(C$18+INDEX(_xlfn.TEXTSPLIT(C125,",",),0,2)+$A$18,$A$18))/5,0)))} -> 5 | D27: {=(INDEX($K$2:$T$11,ROUNDUP(IF(MOD($A27+INDEX(_xlfn.TEXTSPLIT(D82,",",),0,1)+$A$18,$A$18)=0,$A$18,MOD($A27+INDEX(_xlfn.TEXTSPLIT(D82,",",),0,1)+$A$18,$A$18))/4,0),ROUNDUP(IF(MOD(D$18+INDEX(_xlfn.TEXTSPLIT(D82,",",),0,2)+$A$18,$A$18)=0,$A$18,MOD(D$18+INDEX(_xlfn.TEXTSPLIT(D82,",",),0,2)+$A$18,$A$18))/4,0)))+(INDEX($AD$2:$AK$9,ROUNDUP(IF(MOD($A27+INDEX(_xlfn.TEXTSPLIT(D125,",",),0,1)+$A$18,$A$18)=0,$A$18,MOD($A27+INDEX(_xlfn.TEXTSPLIT(D125,",",),0,1)+$A$18,$A$18))/5,0),ROUNDUP(IF(MOD(D$18+INDEX(_xlfn.TEXTSPLIT(D125,",",),0,2)+$A$18,$A$18)=0,$A$18,MOD(D$18+INDEX(_xlfn.TEXTSPLIT(D125,",",),0,2)+$A$18,$A$18))/5,0)))} -> 5 | E27: {=(INDEX($K$2:$T$11,ROUNDUP(IF(MOD($A27+INDEX(_xlfn.TEXTSPLIT(E82,",",),0,1)+$A$18,$A$18)=0,$A$18,MOD($A27+INDEX(_xlfn.TEXTSPLIT(E82,",",),0,1)+$A$18,$A$18))/4,0),ROUNDUP(IF(MOD(E$18+INDEX(_xlfn.TEXTSPLIT(E82,",",),0,2)+$A$18,$A$18)=0,$A$18,MOD(E$18+INDEX(_xlfn.TEXTSPLIT(E82,",",),0,2)+$A$18,$A$18))/4,0)))+(INDEX($AD$2:$AK$9,ROUNDUP(IF(MOD($A27+INDEX(_xlfn.TEXTSPLIT(E125,",",),0,1)+$A$18,$A$18)=0,$A$18,MOD($A27+INDEX(_xlfn.TEXTSPLIT(E125,",",),0,1)+$A$18,$A$18))/5,0),ROUNDUP(IF(MOD(E$18+INDEX(_xlfn.TEXTSPLIT(E125,",",),0,2)+$A$18,$A$18)=0,$A$18,MOD(E$18+INDEX(_xlfn.TEXTSPLIT(E125,",",),0,2)+$A$18,$A$18))/5,0)))} -> 5 | F27: {=(INDEX($K$2:$T$11,ROUNDUP(IF(MOD($A27+INDEX(_xlfn.TEXTSPLIT(F82,",",),0,1)+$A$18,$A$18)=0,$A$18,MOD($A27+INDEX(_xlfn.TEXTSPLIT(F82,",",),0,1)+$A$18,$A$18))/4,0),ROUNDUP(IF(MOD(F$18+INDEX(_xlfn.TEXTSPLIT(F82,",",),0,2)+$A$18,$A$18)=0,$A$18,MOD(F$18+INDEX(_xlfn.TEXTSPLIT(F82,",",),0,2)+$A$18,$A$18))/4,0)))+(INDEX($AD$2:$AK$9,ROUNDUP(IF(MOD($A27+INDEX(_xlfn.TEXTSPLIT(F125,",",),0,1)+$A$18,$A$18)=0,$A$18,MOD($A27+INDEX(_xlfn.TEXTSPLIT(F125,",",),0,1)+$A$18,$A$18))/5,0),ROUNDUP(IF(MOD(F$18+INDEX(_xlfn.TEXTSPLIT(F125,",",),0,2)+$A$18,$A$18)=0,$A$18,MOD(F$18+INDEX(_xlfn.TEXTSPLIT(F125,",",),0,2)+$A$18,$A$18))/5,0)))} -> 5 | G27: {=(INDEX($K$2:$T$11,ROUNDUP(IF(MOD($A27+INDEX(_xlfn.TEXTSPLIT(G82,",",),0,1)+$A$18,$A$18)=0,$A$18,MOD($A27+INDEX(_xlfn.TEXTSPLIT(G82,",",),0,1)+$A$18,$A$18))/4,0),ROUNDUP(IF(MOD(G$18+INDEX(_xlfn.TEXTSPLIT(G82,",",),0,2)+$A$18,$A$18)=0,$A$18,MOD(G$18+INDEX(_xlfn.TEXTSPLIT(G82,",",),0,2)+$A$18,$A$18))/4,0)))+(INDEX($AD$2:$AK$9,ROUNDUP(IF(MOD($A27+INDEX(_xlfn.TEXTSPLIT(G125,",",),0,1)+$A$18,$A$18)=0,$A$18,MOD($A27+INDEX(_xlfn.TEXTSPLIT(G125,",",),0,1)+$A$18,$A$18))/5,0),ROUNDUP(IF(MOD(G$18+INDEX(_xlfn.TEXTSPLIT(G125,",",),0,2)+$A$18,$A$18)=0,$A$18,MOD(G$18+INDEX(_xlfn.TEXTSPLIT(G125,",",),0,2)+$A$18,$A$18))/5,0)))} -> 8 | H27: {=(INDEX($K$2:$T$11,ROUNDUP(IF(MOD($A27+INDEX(_xlfn.TEXTSPLIT(H82,",",),0,1)+$A$18,$A$18)=0,$A$18,MOD($A27+INDEX(_xlfn.TEXTSPLIT(H82,",",),0,1)+$A$18,$A$18))/4,0),ROUNDUP(IF(MOD(H$18+INDEX(_xlfn.TEXTSPLIT(H82,",",),0,2)+$A$18,$A$18)=0,$A$18,MOD(H$18+INDEX(_xlfn.TEXTSPLIT(H82,",",),0,2)+$A$18,$A$18))/4,0)))+(INDEX($AD$2:$AK$9,ROUNDUP(IF(MOD($A27+INDEX(_xlfn.TEXTSPLIT(H125,",",),0,1)+$A$18,$A$18)=0,$A$18,MOD($A27+INDEX(_xlfn.TEXTSPLIT(H125,",",),0,1)+$A$18,$A$18))/5,0),ROUNDUP(IF(MOD(H$18+INDEX(_xlfn.TEXTSPLIT(H125,",",),0,2)+$A$18,$A$18)=0,$A$18,MOD(H$18+INDEX(_xlfn.TEXTSPLIT(H125,",",),0,2)+$A$18,$A$18))/5,0)))} -> 8 | I27: {=(INDEX($K$2:$T$11,ROUNDUP(IF(MOD($A27+INDEX(_xlfn.TEXTSPLIT(I82,",",),0,1)+$A$18,$A$18)=0,$A$18,MOD($A27+INDEX(_xlfn.TEXTSPLIT(I82,",",),0,1)+$A$18,$A$18))/4,0),ROUNDUP(IF(MOD(I$18+INDEX(_xlfn.TEXTSPLIT(I82,",",),0,2)+$A$18,$A$18)=0,$A$18,MOD(I$18+INDEX(_xlfn.TEXTSPLIT(I82,",",),0,2)+$A$18,$A$18))/4,0)))+(INDEX($AD$2:$AK$9,ROUNDUP(IF(MOD($A27+INDEX(_xlfn.TEXTSPLIT(I125,",",),0,1)+$A$18,$A$18)=0,$A$18,MOD($A27+INDEX(_xlfn.TEXTSPLIT(I125,",",),0,1)+$A$18,$A$18))/5,0),ROUNDUP(IF(MOD(I$18+INDEX(_xlfn.TEXTSPLIT(I125,",",),0,2)+$A$18,$A$18)=0,$A$18,MOD(I$18+INDEX(_xlfn.TEXTSPLIT(I125,",",),0,2)+$A$18,$A$18))/5,0)))} -> 8 | ... AO27: {=(INDEX($K$2:$T$11,ROUNDUP(IF(MOD($A27+INDEX(_xlfn.TEXTSPLIT(AO82,",",),0,1)+$A$18,$A$18)=0,$A$18,MOD($A27+INDEX(_xlfn.TEXTSPLIT(AO82,",",),0,1)+$A$18,$A$18))/4,0),ROUNDUP(IF(MOD(AO$18+INDEX(_xlfn.TEXTSPLIT(AO82,",",),0,2)+$A$18,$A$18)=0,$A$18,MOD(AO$18+INDEX(_xlfn.TEXTSPLIT(AO82,",",),0,2)+$A$18,$A$18))/4,0)))+(INDEX($AD$2:$AK$9,ROUNDUP(IF(MOD($A27+INDEX(_xlfn.TEXTSPLIT(AO125,",",),0,1)+$A$18,$A$18)=0,$A$18,MOD($A27+INDEX(_xlfn.TEXTSPLIT(AO125,",",),0,1)+$A$18,$A$18))/5,0),ROUNDUP(IF(MOD(AO$18+INDEX(_xlfn.TEXTSPLIT(AO125,",",),0,2)+$A$18,$A$18)=0,$A$18,MOD(AO$18+INDEX(_xlfn.TEXTSPLIT(AO125,",",),0,2)+$A$18,$A$18))/5,0)))} -> 5
A28: 10 | B28: {=(INDEX($K$2:$T$11,ROUNDUP(IF(MOD($A28+INDEX(_xlfn.TEXTSPLIT(B83,",",),0,1)+$A$18,$A$18)=0,$A$18,MOD($A28+INDEX(_xlfn.TEXTSPLIT(B83,",",),0,1)+$A$18,$A$18))/4,0),ROUNDUP(IF(MOD(B$18+INDEX(_xlfn.TEXTSPLIT(B83,",",),0,2)+$A$18,$A$18)=0,$A$18,MOD(B$18+INDEX(_xlfn.TEXTSPLIT(B83,",",),0,2)+$A$18,$A$18))/4,0)))+(INDEX($AD$2:$AK$9,ROUNDUP(IF(MOD($A28+INDEX(_xlfn.TEXTSPLIT(B126,",",),0,1)+$A$18,$A$18)=0,$A$18,MOD($A28+INDEX(_xlfn.TEXTSPLIT(B126,",",),0,1)+$A$18,$A$18))/5,0),ROUNDUP(IF(MOD(B$18+INDEX(_xlfn.TEXTSPLIT(B126,",",),0,2)+$A$18,$A$18)=0,$A$18,MOD(B$18+INDEX(_xlfn.TEXTSPLIT(B126,",",),0,2)+$A$18,$A$18))/5,0)))} -> 5 | C28: {=(INDEX($K$2:$T$11,ROUNDUP(IF(MOD($A28+INDEX(_xlfn.TEXTSPLIT(C83,",",),0,1)+$A$18,$A$18)=0,$A$18,MOD($A28+INDEX(_xlfn.TEXTSPLIT(C83,",",),0,1)+$A$18,$A$18))/4,0),ROUNDUP(IF(MOD(C$18+INDEX(_xlfn.TEXTSPLIT(C83,",",),0,2)+$A$18,$A$18)=0,$A$18,MOD(C$18+INDEX(_xlfn.TEXTSPLIT(C83,",",),0,2)+$A$18,$A$18))/4,0)))+(INDEX($AD$2:$AK$9,ROUNDUP(IF(MOD($A28+INDEX(_xlfn.TEXTSPLIT(C126,",",),0,1)+$A$18,$A$18)=0,$A$18,MOD($A28+INDEX(_xlfn.TEXTSPLIT(C126,",",),0,1)+$A$18,$A$18))/5,0),ROUNDUP(IF(MOD(C$18+INDEX(_xlfn.TEXTSPLIT(C126,",",),0,2)+$A$18,$A$18)=0,$A$18,MOD(C$18+INDEX(_xlfn.TEXTSPLIT(C126,",",),0,2)+$A$18,$A$18))/5,0)))} -> 5 | D28: {=(INDEX($K$2:$T$11,ROUNDUP(IF(MOD($A28+INDEX(_xlfn.TEXTSPLIT(D83,",",),0,1)+$A$18,$A$18)=0,$A$18,MOD($A28+INDEX(_xlfn.TEXTSPLIT(D83,",",),0,1)+$A$18,$A$18))/4,0),ROUNDUP(IF(MOD(D$18+INDEX(_xlfn.TEXTSPLIT(D83,",",),0,2)+$A$18,$A$18)=0,$A$18,MOD(D$18+INDEX(_xlfn.TEXTSPLIT(D83,",",),0,2)+$A$18,$A$18))/4,0)))+(INDEX($AD$2:$AK$9,ROUNDUP(IF(MOD($A28+INDEX(_xlfn.TEXTSPLIT(D126,",",),0,1)+$A$18,$A$18)=0,$A$18,MOD($A28+INDEX(_xlfn.TEXTSPLIT(D126,",",),0,1)+$A$18,$A$18))/5,0),ROUNDUP(IF(MOD(D$18+INDEX(_xlfn.TEXTSPLIT(D126,",",),0,2)+$A$18,$A$18)=0,$A$18,MOD(D$18+INDEX(_xlfn.TEXTSPLIT(D126,",",),0,2)+$A$18,$A$18))/5,0)))} -> 5 | E28: {=(INDEX($K$2:$T$11,ROUNDUP(IF(MOD($A28+INDEX(_xlfn.TEXTSPLIT(E83,",",),0,1)+$A$18,$A$18)=0,$A$18,MOD($A28+INDEX(_xlfn.TEXTSPLIT(E83,",",),0,1)+$A$18,$A$18))/4,0),ROUNDUP(IF(MOD(E$18+INDEX(_xlfn.TEXTSPLIT(E83,",",),0,2)+$A$18,$A$18)=0,$A$18,MOD(E$18+INDEX(_xlfn.TEXTSPLIT(E83,",",),0,2)+$A$18,$A$18))/4,0)))+(INDEX($AD$2:$AK$9,ROUNDUP(IF(MOD($A28+INDEX(_xlfn.TEXTSPLIT(E126,",",),0,1)+$A$18,$A$18)=0,$A$18,MOD($A28+INDEX(_xlfn.TEXTSPLIT(E126,",",),0,1)+$A$18,$A$18))/5,0),ROUNDUP(IF(MOD(E$18+INDEX(_xlfn.TEXTSPLIT(E126,",",),0,2)+$A$18,$A$18)=0,$A$18,MOD(E$18+INDEX(_xlfn.TEXTSPLIT(E126,",",),0,2)+$A$18,$A$18))/5,0)))} -> 5 | F28: {=(INDEX($K$2:$T$11,ROUNDUP(IF(MOD($A28+INDEX(_xlfn.TEXTSPLIT(F83,",",),0,1)+$A$18,$A$18)=0,$A$18,MOD($A28+INDEX(_xlfn.TEXTSPLIT(F83,",",),0,1)+$A$18,$A$18))/4,0),ROUNDUP(IF(MOD(F$18+INDEX(_xlfn.TEXTSPLIT(F83,",",),0,2)+$A$18,$A$18)=0,$A$18,MOD(F$18+INDEX(_xlfn.TEXTSPLIT(F83,",",),0,2)+$A$18,$A$18))/4,0)))+(INDEX($AD$2:$AK$9,ROUNDUP(IF(MOD($A28+INDEX(_xlfn.TEXTSPLIT(F126,",",),0,1)+$A$18,$A$18)=0,$A$18,MOD($A28+INDEX(_xlfn.TEXTSPLIT(F126,",",),0,1)+$A$18,$A$18))/5,0),ROUNDUP(IF(MOD(F$18+INDEX(_xlfn.TEXTSPLIT(F126,",",),0,2)+$A$18,$A$18)=0,$A$18,MOD(F$18+INDEX(_xlfn.TEXTSPLIT(F126,",",),0,2)+$A$18,$A$18))/5,0)))} -> 5 | G28: {=(INDEX($K$2:$T$11,ROUNDUP(IF(MOD($A28+INDEX(_xlfn.TEXTSPLIT(G83,",",),0,1)+$A$18,$A$18)=0,$A$18,MOD($A28+INDEX(_xlfn.TEXTSPLIT(G83,",",),0,1)+$A$18,$A$18))/4,0),ROUNDUP(IF(MOD(G$18+INDEX(_xlfn.TEXTSPLIT(G83,",",),0,2)+$A$18,$A$18)=0,$A$18,MOD(G$18+INDEX(_xlfn.TEXTSPLIT(G83,",",),0,2)+$A$18,$A$18))/4,0)))+(INDEX($AD$2:$AK$9,ROUNDUP(IF(MOD($A28+INDEX(_xlfn.TEXTSPLIT(G126,",",),0,1)+$A$18,$A$18)=0,$A$18,MOD($A28+INDEX(_xlfn.TEXTSPLIT(G126,",",),0,1)+$A$18,$A$18))/5,0),ROUNDUP(IF(MOD(G$18+INDEX(_xlfn.TEXTSPLIT(G126,",",),0,2)+$A$18,$A$18)=0,$A$18,MOD(G$18+INDEX(_xlfn.TEXTSPLIT(G126,",",),0,2)+$A$18,$A$18))/5,0)))} -> 5 | H28: {=(INDEX($K$2:$T$11,ROUNDUP(IF(MOD($A28+INDEX(_xlfn.TEXTSPLIT(H83,",",),0,1)+$A$18,$A$18)=0,$A$18,MOD($A28+INDEX(_xlfn.TEXTSPLIT(H83,",",),0,1)+$A$18,$A$18))/4,0),ROUNDUP(IF(MOD(H$18+INDEX(_xlfn.TEXTSPLIT(H83,",",),0,2)+$A$18,$A$18)=0,$A$18,MOD(H$18+INDEX(_xlfn.TEXTSPLIT(H83,",",),0,2)+$A$18,$A$18))/4,0)))+(INDEX($AD$2:$AK$9,ROUNDUP(IF(MOD($A28+INDEX(_xlfn.TEXTSPLIT(H126,",",),0,1)+$A$18,$A$18)=0,$A$18,MOD($A28+INDEX(_xlfn.TEXTSPLIT(H126,",",),0,1)+$A$18,$A$18))/5,0),ROUNDUP(IF(MOD(H$18+INDEX(_xlfn.TEXTSPLIT(H126,",",),0,2)+$A$18,$A$18)=0,$A$18,MOD(H$18+INDEX(_xlfn.TEXTSPLIT(H126,",",),0,2)+$A$18,$A$18))/5,0)))} -> 8 | I28: {=(INDEX($K$2:$T$11,ROUNDUP(IF(MOD($A28+INDEX(_xlfn.TEXTSPLIT(I83,",",),0,1)+$A$18,$A$18)=0,$A$18,MOD($A28+INDEX(_xlfn.TEXTSPLIT(I83,",",),0,1)+$A$18,$A$18))/4,0),ROUNDUP(IF(MOD(I$18+INDEX(_xlfn.TEXTSPLIT(I83,",",),0,2)+$A$18,$A$18)=0,$A$18,MOD(I$18+INDEX(_xlfn.TEXTSPLIT(I83,",",),0,2)+$A$18,$A$18))/4,0)))+(INDEX($AD$2:$AK$9,ROUNDUP(IF(MOD($A28+INDEX(_xlfn.TEXTSPLIT(I126,",",),0,1)+$A$18,$A$18)=0,$A$18,MOD($A28+INDEX(_xlfn.TEXTSPLIT(I126,",",),0,1)+$A$18,$A$18))/5,0),ROUNDUP(IF(MOD(I$18+INDEX(_xlfn.TEXTSPLIT(I126,",",),0,2)+$A$18,$A$18)=0,$A$18,MOD(I$18+INDEX(_xlfn.TEXTSPLIT(I126,",",),0,2)+$A$18,$A$18))/5,0)))} -> 7 | ... AO28: {=(INDEX($K$2:$T$11,ROUNDUP(IF(MOD($A28+INDEX(_xlfn.TEXTSPLIT(AO83,",",),0,1)+$A$18,$A$18)=0,$A$18,MOD($A28+INDEX(_xlfn.TEXTSPLIT(AO83,",",),0,1)+$A$18,$A$18))/4,0),ROUNDUP(IF(MOD(AO$18+INDEX(_xlfn.TEXTSPLIT(AO83,",",),0,2)+$A$18,$A$18)=0,$A$18,MOD(AO$18+INDEX(_xlfn.TEXTSPLIT(AO83,",",),0,2)+$A$18,$A$18))/4,0)))+(INDEX($AD$2:$AK$9,ROUNDUP(IF(MOD($A28+INDEX(_xlfn.TEXTSPLIT(AO126,",",),0,1)+$A$18,$A$18)=0,$A$18,MOD($A28+INDEX(_xlfn.TEXTSPLIT(AO126,",",),0,1)+$A$18,$A$18))/5,0),ROUNDUP(IF(MOD(AO$18+INDEX(_xlfn.TEXTSPLIT(AO126,",",),0,2)+$A$18,$A$18)=0,$A$18,MOD(AO$18+INDEX(_xlfn.TEXTSPLIT(AO126,",",),0,2)+$A$18,$A$18))/5,0)))} -> 5
A29: 11 | B29: {=(INDEX($K$2:$T$11,ROUNDUP(IF(MOD($A29+INDEX(_xlfn.TEXTSPLIT(B84,",",),0,1)+$A$18,$A$18)=0,$A$18,MOD($A29+INDEX(_xlfn.TEXTSPLIT(B84,",",),0,1)+$A$18,$A$18))/4,0),ROUNDUP(IF(MOD(B$18+INDEX(_xlfn.TEXTSPLIT(B84,",",),0,2)+$A$18,$A$18)=0,$A$18,MOD(B$18+INDEX(_xlfn.TEXTSPLIT(B84,",",),0,2)+$A$18,$A$18))/4,0)))+(INDEX($AD$2:$AK$9,ROUNDUP(IF(MOD($A29+INDEX(_xlfn.TEXTSPLIT(B127,",",),0,1)+$A$18,$A$18)=0,$A$18,MOD($A29+INDEX(_xlfn.TEXTSPLIT(B127,",",),0,1)+$A$18,$A$18))/5,0),ROUNDUP(IF(MOD(B$18+INDEX(_xlfn.TEXTSPLIT(B127,",",),0,2)+$A$18,$A$18)=0,$A$18,MOD(B$18+INDEX(_xlfn.TEXTSPLIT(B127,",",),0,2)+$A$18,$A$18))/5,0)))} -> 5 | C29: {=(INDEX($K$2:$T$11,ROUNDUP(IF(MOD($A29+INDEX(_xlfn.TEXTSPLIT(C84,",",),0,1)+$A$18,$A$18)=0,$A$18,MOD($A29+INDEX(_xlfn.TEXTSPLIT(C84,",",),0,1)+$A$18,$A$18))/4,0),ROUNDUP(IF(MOD(C$18+INDEX(_xlfn.TEXTSPLIT(C84,",",),0,2)+$A$18,$A$18)=0,$A$18,MOD(C$18+INDEX(_xlfn.TEXTSPLIT(C84,",",),0,2)+$A$18,$A$18))/4,0)))+(INDEX($AD$2:$AK$9,ROUNDUP(IF(MOD($A29+INDEX(_xlfn.TEXTSPLIT(C127,",",),0,1)+$A$18,$A$18)=0,$A$18,MOD($A29+INDEX(_xlfn.TEXTSPLIT(C127,",",),0,1)+$A$18,$A$18))/5,0),ROUNDUP(IF(MOD(C$18+INDEX(_xlfn.TEXTSPLIT(C127,",",),0,2)+$A$18,$A$18)=0,$A$18,MOD(C$18+INDEX(_xlfn.TEXTSPLIT(C127,",",),0,2)+$A$18,$A$18))/5,0)))} -> 5 | D29: {=(INDEX($K$2:$T$11,ROUNDUP(IF(MOD($A29+INDEX(_xlfn.TEXTSPLIT(D84,",",),0,1)+$A$18,$A$18)=0,$A$18,MOD($A29+INDEX(_xlfn.TEXTSPLIT(D84,",",),0,1)+$A$18,$A$18))/4,0),ROUNDUP(IF(MOD(D$18+INDEX(_xlfn.TEXTSPLIT(D84,",",),0,2)+$A$18,$A$18)=0,$A$18,MOD(D$18+INDEX(_xlfn.TEXTSPLIT(D84,",",),0,2)+$A$18,$A$18))/4,0)))+(INDEX($AD$2:$AK$9,ROUNDUP(IF(MOD($A29+INDEX(_xlfn.TEXTSPLIT(D127,",",),0,1)+$A$18,$A$18)=0,$A$18,MOD($A29+INDEX(_xlfn.TEXTSPLIT(D127,",",),0,1)+$A$18,$A$18))/5,0),ROUNDUP(IF(MOD(D$18+INDEX(_xlfn.TEXTSPLIT(D127,",",),0,2)+$A$18,$A$18)=0,$A$18,MOD(D$18+INDEX(_xlfn.TEXTSPLIT(D127,",",),0,2)+$A$18,$A$18))/5,0)))} -> 6 | E29: {=(INDEX($K$2:$T$11,ROUNDUP(IF(MOD($A29+INDEX(_xlfn.TEXTSPLIT(E84,",",),0,1)+$A$18,$A$18)=0,$A$18,MOD($A29+INDEX(_xlfn.TEXTSPLIT(E84,",",),0,1)+$A$18,$A$18))/4,0),ROUNDUP(IF(MOD(E$18+INDEX(_xlfn.TEXTSPLIT(E84,",",),0,2)+$A$18,$A$18)=0,$A$18,MOD(E$18+INDEX(_xlfn.TEXTSPLIT(E84,",",),0,2)+$A$18,$A$18))/4,0)))+(INDEX($AD$2:$AK$9,ROUNDUP(IF(MOD($A29+INDEX(_xlfn.TEXTSPLIT(E127,",",),0,1)+$A$18,$A$18)=0,$A$18,MOD($A29+INDEX(_xlfn.TEXTSPLIT(E127,",",),0,1)+$A$18,$A$18))/5,0),ROUNDUP(IF(MOD(E$18+INDEX(_xlfn.TEXTSPLIT(E127,",",),0,2)+$A$18,$A$18)=0,$A$18,MOD(E$18+INDEX(_xlfn.TEXTSPLIT(E127,",",),0,2)+$A$18,$A$18))/5,0)))} -> 6 | F29: {=(INDEX($K$2:$T$11,ROUNDUP(IF(MOD($A29+INDEX(_xlfn.TEXTSPLIT(F84,",",),0,1)+$A$18,$A$18)=0,$A$18,MOD($A29+INDEX(_xlfn.TEXTSPLIT(F84,",",),0,1)+$A$18,$A$18))/4,0),ROUNDUP(IF(MOD(F$18+INDEX(_xlfn.TEXTSPLIT(F84,",",),0,2)+$A$18,$A$18)=0,$A$18,MOD(F$18+INDEX(_xlfn.TEXTSPLIT(F84,",",),0,2)+$A$18,$A$18))/4,0)))+(INDEX($AD$2:$AK$9,ROUNDUP(IF(MOD($A29+INDEX(_xlfn.TEXTSPLIT(F127,",",),0,1)+$A$18,$A$18)=0,$A$18,MOD($A29+INDEX(_xlfn.TEXTSPLIT(F127,",",),0,1)+$A$18,$A$18))/5,0),ROUNDUP(IF(MOD(F$18+INDEX(_xlfn.TEXTSPLIT(F127,",",),0,2)+$A$18,$A$18)=0,$A$18,MOD(F$18+INDEX(_xlfn.TEXTSPLIT(F127,",",),0,2)+$A$18,$A$18))/5,0)))} -> 5 | G29: {=(INDEX($K$2:$T$11,ROUNDUP(IF(MOD($A29+INDEX(_xlfn.TEXTSPLIT(G84,",",),0,1)+$A$18,$A$18)=0,$A$18,MOD($A29+INDEX(_xlfn.TEXTSPLIT(G84,",",),0,1)+$A$18,$A$18))/4,0),ROUNDUP(IF(MOD(G$18+INDEX(_xlfn.TEXTSPLIT(G84,",",),0,2)+$A$18,$A$18)=0,$A$18,MOD(G$18+INDEX(_xlfn.TEXTSPLIT(G84,",",),0,2)+$A$18,$A$18))/4,0)))+(INDEX($AD$2:$AK$9,ROUNDUP(IF(MOD($A29+INDEX(_xlfn.TEXTSPLIT(G127,",",),0,1)+$A$18,$A$18)=0,$A$18,MOD($A29+INDEX(_xlfn.TEXTSPLIT(G127,",",),0,1)+$A$18,$A$18))/5,0),ROUNDUP(IF(MOD(G$18+INDEX(_xlfn.TEXTSPLIT(G127,",",),0,2)+$A$18,$A$18)=0,$A$18,MOD(G$18+INDEX(_xlfn.TEXTSPLIT(G127,",",),0,2)+$A$18,$A$18))/5,0)))} -> 6 | H29: {=(INDEX($K$2:$T$11,ROUNDUP(IF(MOD($A29+INDEX(_xlfn.TEXTSPLIT(H84,",",),0,1)+$A$18,$A$18)=0,$A$18,MOD($A29+INDEX(_xlfn.TEXTSPLIT(H84,",",),0,1)+$A$18,$A$18))/4,0),ROUNDUP(IF(MOD(H$18+INDEX(_xlfn.TEXTSPLIT(H84,",",),0,2)+$A$18,$A$18)=0,$A$18,MOD(H$18+INDEX(_xlfn.TEXTSPLIT(H84,",",),0,2)+$A$18,$A$18))/4,0)))+(INDEX($AD$2:$AK$9,ROUNDUP(IF(MOD($A29+INDEX(_xlfn.TEXTSPLIT(H127,",",),0,1)+$A$18,$A$18)=0,$A$18,MOD($A29+INDEX(_xlfn.TEXTSPLIT(H127,",",),0,1)+$A$18,$A$18))/5,0),ROUNDUP(IF(MOD(H$18+INDEX(_xlfn.TEXTSPLIT(H127,",",),0,2)+$A$18,$A$18)=0,$A$18,MOD(H$18+INDEX(_xlfn.TEXTSPLIT(H127,",",),0,2)+$A$18,$A$18))/5,0)))} -> 7 | I29: {=(INDEX($K$2:$T$11,ROUNDUP(IF(MOD($A29+INDEX(_xlfn.TEXTSPLIT(I84,",",),0,1)+$A$18,$A$18)=0,$A$18,MOD($A29+INDEX(_xlfn.TEXTSPLIT(I84,",",),0,1)+$A$18,$A$18))/4,0),ROUNDUP(IF(MOD(I$18+INDEX(_xlfn.TEXTSPLIT(I84,",",),0,2)+$A$18,$A$18)=0,$A$18,MOD(I$18+INDEX(_xlfn.TEXTSPLIT(I84,",",),0,2)+$A$18,$A$18))/4,0)))+(INDEX($AD$2:$AK$9,ROUNDUP(IF(MOD($A29+INDEX(_xlfn.TEXTSPLIT(I127,",",),0,1)+$A$18,$A$18)=0,$A$18,MOD($A29+INDEX(_xlfn.TEXTSPLIT(I127,",",),0,1)+$A$18,$A$18))/5,0),ROUNDUP(IF(MOD(I$18+INDEX(_xlfn.TEXTSPLIT(I127,",",),0,2)+$A$18,$A$18)=0,$A$18,MOD(I$18+INDEX(_xlfn.TEXTSPLIT(I127,",",),0,2)+$A$18,$A$18))/5,0)))} -> 8 | ... AO29: {=(INDEX($K$2:$T$11,ROUNDUP(IF(MOD($A29+INDEX(_xlfn.TEXTSPLIT(AO84,",",),0,1)+$A$18,$A$18)=0,$A$18,MOD($A29+INDEX(_xlfn.TEXTSPLIT(AO84,",",),0,1)+$A$18,$A$18))/4,0),ROUNDUP(IF(MOD(AO$18+INDEX(_xlfn.TEXTSPLIT(AO84,",",),0,2)+$A$18,$A$18)=0,$A$18,MOD(AO$18+INDEX(_xlfn.TEXTSPLIT(AO84,",",),0,2)+$A$18,$A$18))/4,0)))+(INDEX($AD$2:$AK$9,ROUNDUP(IF(MOD($A29+INDEX(_xlfn.TEXTSPLIT(AO127,",",),0,1)+$A$18,$A$18)=0,$A$18,MOD($A29+INDEX(_xlfn.TEXTSPLIT(AO127,",",),0,1)+$A$18,$A$18))/5,0),ROUNDUP(IF(MOD(AO$18+INDEX(_xlfn.TEXTSPLIT(AO127,",",),0,2)+$A$18,$A$18)=0,$A$18,MOD(AO$18+INDEX(_xlfn.TEXTSPLIT(AO127,",",),0,2)+$A$18,$A$18))/5,0)))} -> 6
A30: 12 | B30: {=(INDEX($K$2:$T$11,ROUNDUP(IF(MOD($A30+INDEX(_xlfn.TEXTSPLIT(B85,",",),0,1)+$A$18,$A$18)=0,$A$18,MOD($A30+INDEX(_xlfn.TEXTSPLIT(B85,",",),0,1)+$A$18,$A$18))/4,0),ROUNDUP(IF(MOD(B$18+INDEX(_xlfn.TEXTSPLIT(B85,",",),0,2)+$A$18,$A$18)=0,$A$18,MOD(B$18+INDEX(_xlfn.TEXTSPLIT(B85,",",),0,2)+$A$18,$A$18))/4,0)))+(INDEX($AD$2:$AK$9,ROUNDUP(IF(MOD($A30+INDEX(_xlfn.TEXTSPLIT(B128,",",),0,1)+$A$18,$A$18)=0,$A$18,MOD($A30+INDEX(_xlfn.TEXTSPLIT(B128,",",),0,1)+$A$18,$A$18))/5,0),ROUNDUP(IF(MOD(B$18+INDEX(_xlfn.TEXTSPLIT(B128,",",),0,2)+$A$18,$A$18)=0,$A$18,MOD(B$18+INDEX(_xlfn.TEXTSPLIT(B128,",",),0,2)+$A$18,$A$18))/5,0)))} -> 6 | C30: {=(INDEX($K$2:$T$11,ROUNDUP(IF(MOD($A30+INDEX(_xlfn.TEXTSPLIT(C85,",",),0,1)+$A$18,$A$18)=0,$A$18,MOD($A30+INDEX(_xlfn.TEXTSPLIT(C85,",",),0,1)+$A$18,$A$18))/4,0),ROUNDUP(IF(MOD(C$18+INDEX(_xlfn.TEXTSPLIT(C85,",",),0,2)+$A$18,$A$18)=0,$A$18,MOD(C$18+INDEX(_xlfn.TEXTSPLIT(C85,",",),0,2)+$A$18,$A$18))/4,0)))+(INDEX($AD$2:$AK$9,ROUNDUP(IF(MOD($A30+INDEX(_xlfn.TEXTSPLIT(C128,",",),0,1)+$A$18,$A$18)=0,$A$18,MOD($A30+INDEX(_xlfn.TEXTSPLIT(C128,",",),0,1)+$A$18,$A$18))/5,0),ROUNDUP(IF(MOD(C$18+INDEX(_xlfn.TEXTSPLIT(C128,",",),0,2)+$A$18,$A$18)=0,$A$18,MOD(C$18+INDEX(_xlfn.TEXTSPLIT(C128,",",),0,2)+$A$18,$A$18))/5,0)))} -> 6 | D30: {=(INDEX($K$2:$T$11,ROUNDUP(IF(MOD($A30+INDEX(_xlfn.TEXTSPLIT(D85,",",),0,1)+$A$18,$A$18)=0,$A$18,MOD($A30+INDEX(_xlfn.TEXTSPLIT(D85,",",),0,1)+$A$18,$A$18))/4,0),ROUNDUP(IF(MOD(D$18+INDEX(_xlfn.TEXTSPLIT(D85,",",),0,2)+$A$18,$A$18)=0,$A$18,MOD(D$18+INDEX(_xlfn.TEXTSPLIT(D85,",",),0,2)+$A$18,$A$18))/4,0)))+(INDEX($AD$2:$AK$9,ROUNDUP(IF(MOD($A30+INDEX(_xlfn.TEXTSPLIT(D128,",",),0,1)+$A$18,$A$18)=0,$A$18,MOD($A30+INDEX(_xlfn.TEXTSPLIT(D128,",",),0,1)+$A$18,$A$18))/5,0),ROUNDUP(IF(MOD(D$18+INDEX(_xlfn.TEXTSPLIT(D128,",",),0,2)+$A$18,$A$18)=0,$A$18,MOD(D$18+INDEX(_xlfn.TEXTSPLIT(D128,",",),0,2)+$A$18,$A$18))/5,0)))} -> 6 | E30: {=(INDEX($K$2:$T$11,ROUNDUP(IF(MOD($A30+INDEX(_xlfn.TEXTSPLIT(E85,",",),0,1)+$A$18,$A$18)=0,$A$18,MOD($A30+INDEX(_xlfn.TEXTSPLIT(E85,",",),0,1)+$A$18,$A$18))/4,0),ROUNDUP(IF(MOD(E$18+INDEX(_xlfn.TEXTSPLIT(E85,",",),0,2)+$A$18,$A$18)=0,$A$18,MOD(E$18+INDEX(_xlfn.TEXTSPLIT(E85,",",),0,2)+$A$18,$A$18))/4,0)))+(INDEX($AD$2:$AK$9,ROUNDUP(IF(MOD($A30+INDEX(_xlfn.TEXTSPLIT(E128,",",),0,1)+$A$18,$A$18)=0,$A$18,MOD($A30+INDEX(_xlfn.TEXTSPLIT(E128,",",),0,1)+$A$18,$A$18))/5,0),ROUNDUP(IF(MOD(E$18+INDEX(_xlfn.TEXTSPLIT(E128,",",),0,2)+$A$18,$A$18)=0,$A$18,MOD(E$18+INDEX(_xlfn.TEXTSPLIT(E128,",",),0,2)+$A$18,$A$18))/5,0)))} -> 6 | F30: {=(INDEX($K$2:$T$11,ROUNDUP(IF(MOD($A30+INDEX(_xlfn.TEXTSPLIT(F85,",",),0,1)+$A$18,$A$18)=0,$A$18,MOD($A30+INDEX(_xlfn.TEXTSPLIT(F85,",",),0,1)+$A$18,$A$18))/4,0),ROUNDUP(IF(MOD(F$18+INDEX(_xlfn.TEXTSPLIT(F85,",",),0,2)+$A$18,$A$18)=0,$A$18,MOD(F$18+INDEX(_xlfn.TEXTSPLIT(F85,",",),0,2)+$A$18,$A$18))/4,0)))+(INDEX($AD$2:$AK$9,ROUNDUP(IF(MOD($A30+INDEX(_xlfn.TEXTSPLIT(F128,",",),0,1)+$A$18,$A$18)=0,$A$18,MOD($A30+INDEX(_xlfn.TEXTSPLIT(F128,",",),0,1)+$A$18,$A$18))/5,0),ROUNDUP(IF(MOD(F$18+INDEX(_xlfn.TEXTSPLIT(F128,",",),0,2)+$A$18,$A$18)=0,$A$18,MOD(F$18+INDEX(_xlfn.TEXTSPLIT(F128,",",),0,2)+$A$18,$A$18))/5,0)))} -> 6 | G30: {=(INDEX($K$2:$T$11,ROUNDUP(IF(MOD($A30+INDEX(_xlfn.TEXTSPLIT(G85,",",),0,1)+$A$18,$A$18)=0,$A$18,MOD($A30+INDEX(_xlfn.TEXTSPLIT(G85,",",),0,1)+$A$18,$A$18))/4,0),ROUNDUP(IF(MOD(G$18+INDEX(_xlfn.TEXTSPLIT(G85,",",),0,2)+$A$18,$A$18)=0,$A$18,MOD(G$18+INDEX(_xlfn.TEXTSPLIT(G85,",",),0,2)+$A$18,$A$18))/4,0)))+(INDEX($AD$2:$AK$9,ROUNDUP(IF(MOD($A30+INDEX(_xlfn.TEXTSPLIT(G128,",",),0,1)+$A$18,$A$18)=0,$A$18,MOD($A30+INDEX(_xlfn.TEXTSPLIT(G128,",",),0,1)+$A$18,$A$18))/5,0),ROUNDUP(IF(MOD(G$18+INDEX(_xlfn.TEXTSPLIT(G128,",",),0,2)+$A$18,$A$18)=0,$A$18,MOD(G$18+INDEX(_xlfn.TEXTSPLIT(G128,",",),0,2)+$A$18,$A$18))/5,0)))} -> 7 | H30: {=(INDEX($K$2:$T$11,ROUNDUP(IF(MOD($A30+INDEX(_xlfn.TEXTSPLIT(H85,",",),0,1)+$A$18,$A$18)=0,$A$18,MOD($A30+INDEX(_xlfn.TEXTSPLIT(H85,",",),0,1)+$A$18,$A$18))/4,0),ROUNDUP(IF(MOD(H$18+INDEX(_xlfn.TEXTSPLIT(H85,",",),0,2)+$A$18,$A$18)=0,$A$18,MOD(H$18+INDEX(_xlfn.TEXTSPLIT(H85,",",),0,2)+$A$18,$A$18))/4,0)))+(INDEX($AD$2:$AK$9,ROUNDUP(IF(MOD($A30+INDEX(_xlfn.TEXTSPLIT(H128,",",),0,1)+$A$18,$A$18)=0,$A$18,MOD($A30+INDEX(_xlfn.TEXTSPLIT(H128,",",),0,1)+$A$18,$A$18))/5,0),ROUNDUP(IF(MOD(H$18+INDEX(_xlfn.TEXTSPLIT(H128,",",),0,2)+$A$18,$A$18)=0,$A$18,MOD(H$18+INDEX(_xlfn.TEXTSPLIT(H128,",",),0,2)+$A$18,$A$18))/5,0)))} -> 7 | I30: {=(INDEX($K$2:$T$11,ROUNDUP(IF(MOD($A30+INDEX(_xlfn.TEXTSPLIT(I85,",",),0,1)+$A$18,$A$18)=0,$A$18,MOD($A30+INDEX(_xlfn.TEXTSPLIT(I85,",",),0,1)+$A$18,$A$18))/4,0),ROUNDUP(IF(MOD(I$18+INDEX(_xlfn.TEXTSPLIT(I85,",",),0,2)+$A$18,$A$18)=0,$A$18,MOD(I$18+INDEX(_xlfn.TEXTSPLIT(I85,",",),0,2)+$A$18,$A$18))/4,0)))+(INDEX($AD$2:$AK$9,ROUNDUP(IF(MOD($A30+INDEX(_xlfn.TEXTSPLIT(I128,",",),0,1)+$A$18,$A$18)=0,$A$18,MOD($A30+INDEX(_xlfn.TEXTSPLIT(I128,",",),0,1)+$A$18,$A$18))/5,0),ROUNDUP(IF(MOD(I$18+INDEX(_xlfn.TEXTSPLIT(I128,",",),0,2)+$A$18,$A$18)=0,$A$18,MOD(I$18+INDEX(_xlfn.TEXTSPLIT(I128,",",),0,2)+$A$18,$A$18))/5,0)))} -> 7 | ... AO30: {=(INDEX($K$2:$T$11,ROUNDUP(IF(MOD($A30+INDEX(_xlfn.TEXTSPLIT(AO85,",",),0,1)+$A$18,$A$18)=0,$A$18,MOD($A30+INDEX(_xlfn.TEXTSPLIT(AO85,",",),0,1)+$A$18,$A$18))/4,0),ROUNDUP(IF(MOD(AO$18+INDEX(_xlfn.TEXTSPLIT(AO85,",",),0,2)+$A$18,$A$18)=0,$A$18,MOD(AO$18+INDEX(_xlfn.TEXTSPLIT(AO85,",",),0,2)+$A$18,$A$18))/4,0)))+(INDEX($AD$2:$AK$9,ROUNDUP(IF(MOD($A30+INDEX(_xlfn.TEXTSPLIT(AO128,",",),0,1)+$A$18,$A$18)=0,$A$18,MOD($A30+INDEX(_xlfn.TEXTSPLIT(AO128,",",),0,1)+$A$18,$A$18))/5,0),ROUNDUP(IF(MOD(AO$18+INDEX(_xlfn.TEXTSPLIT(AO128,",",),0,2)+$A$18,$A$18)=0,$A$18,MOD(AO$18+INDEX(_xlfn.TEXTSPLIT(AO128,",",),0,2)+$A$18,$A$18))/5,0)))} -> 5
A31: 13 | B31: {=(INDEX($K$2:$T$11,ROUNDUP(IF(MOD($A31+INDEX(_xlfn.TEXTSPLIT(B86,",",),0,1)+$A$18,$A$18)=0,$A$18,MOD($A31+INDEX(_xlfn.TEXTSPLIT(B86,",",),0,1)+$A$18,$A$18))/4,0),ROUNDUP(IF(MOD(B$18+INDEX(_xlfn.TEXTSPLIT(B86,",",),0,2)+$A$18,$A$18)=0,$A$18,MOD(B$18+INDEX(_xlfn.TEXTSPLIT(B86,",",),0,2)+$A$18,$A$18))/4,0)))+(INDEX($AD$2:$AK$9,ROUNDUP(IF(MOD($A31+INDEX(_xlfn.TEXTSPLIT(B129,",",),0,1)+$A$18,$A$18)=0,$A$18,MOD($A31+INDEX(_xlfn.TEXTSPLIT(B129,",",),0,1)+$A$18,$A$18))/5,0),ROUNDUP(IF(MOD(B$18+INDEX(_xlfn.TEXTSPLIT(B129,",",),0,2)+$A$18,$A$18)=0,$A$18,MOD(B$18+INDEX(_xlfn.TEXTSPLIT(B129,",",),0,2)+$A$18,$A$18))/5,0)))} -> 5 | C31: {=(INDEX($K$2:$T$11,ROUNDUP(IF(MOD($A31+INDEX(_xlfn.TEXTSPLIT(C86,",",),0,1)+$A$18,$A$18)=0,$A$18,MOD($A31+INDEX(_xlfn.TEXTSPLIT(C86,",",),0,1)+$A$18,$A$18))/4,0),ROUNDUP(IF(MOD(C$18+INDEX(_xlfn.TEXTSPLIT(C86,",",),0,2)+$A$18,$A$18)=0,$A$18,MOD(C$18+INDEX(_xlfn.TEXTSPLIT(C86,",",),0,2)+$A$18,$A$18))/4,0)))+(INDEX($AD$2:$AK$9,ROUNDUP(IF(MOD($A31+INDEX(_xlfn.TEXTSPLIT(C129,",",),0,1)+$A$18,$A$18)=0,$A$18,MOD($A31+INDEX(_xlfn.TEXTSPLIT(C129,",",),0,1)+$A$18,$A$18))/5,0),ROUNDUP(IF(MOD(C$18+INDEX(_xlfn.TEXTSPLIT(C129,",",),0,2)+$A$18,$A$18)=0,$A$18,MOD(C$18+INDEX(_xlfn.TEXTSPLIT(C129,",",),0,2)+$A$18,$A$18))/5,0)))} -> 6 | D31: {=(INDEX($K$2:$T$11,ROUNDUP(IF(MOD($A31+INDEX(_xlfn.TEXTSPLIT(D86,",",),0,1)+$A$18,$A$18)=0,$A$18,MOD($A31+INDEX(_xlfn.TEXTSPLIT(D86,",",),0,1)+$A$18,$A$18))/4,0),ROUNDUP(IF(MOD(D$18+INDEX(_xlfn.TEXTSPLIT(D86,",",),0,2)+$A$18,$A$18)=0,$A$18,MOD(D$18+INDEX(_xlfn.TEXTSPLIT(D86,",",),0,2)+$A$18,$A$18))/4,0)))+(INDEX($AD$2:$AK$9,ROUNDUP(IF(MOD($A31+INDEX(_xlfn.TEXTSPLIT(D129,",",),0,1)+$A$18,$A$18)=0,$A$18,MOD($A31+INDEX(_xlfn.TEXTSPLIT(D129,",",),0,1)+$A$18,$A$18))/5,0),ROUNDUP(IF(MOD(D$18+INDEX(_xlfn.TEXTSPLIT(D129,",",),0,2)+$A$18,$A$18)=0,$A$18,MOD(D$18+INDEX(_xlfn.TEXTSPLIT(D129,",",),0,2)+$A$18,$A$18))/5,0)))} -> 6 | E31: {=(INDEX($K$2:$T$11,ROUNDUP(IF(MOD($A31+INDEX(_xlfn.TEXTSPLIT(E86,",",),0,1)+$A$18,$A$18)=0,$A$18,MOD($A31+INDEX(_xlfn.TEXTSPLIT(E86,",",),0,1)+$A$18,$A$18))/4,0),ROUNDUP(IF(MOD(E$18+INDEX(_xlfn.TEXTSPLIT(E86,",",),0,2)+$A$18,$A$18)=0,$A$18,MOD(E$18+INDEX(_xlfn.TEXTSPLIT(E86,",",),0,2)+$A$18,$A$18))/4,0)))+(INDEX($AD$2:$AK$9,ROUNDUP(IF(MOD($A31+INDEX(_xlfn.TEXTSPLIT(E129,",",),0,1)+$A$18,$A$18)=0,$A$18,MOD($A31+INDEX(_xlfn.TEXTSPLIT(E129,",",),0,1)+$A$18,$A$18))/5,0),ROUNDUP(IF(MOD(E$18+INDEX(_xlfn.TEXTSPLIT(E129,",",),0,2)+$A$18,$A$18)=0,$A$18,MOD(E$18+INDEX(_xlfn.TEXTSPLIT(E129,",",),0,2)+$A$18,$A$18))/5,0)))} -> 6 | F31: {=(INDEX($K$2:$T$11,ROUNDUP(IF(MOD($A31+INDEX(_xlfn.TEXTSPLIT(F86,",",),0,1)+$A$18,$A$18)=0,$A$18,MOD($A31+INDEX(_xlfn.TEXTSPLIT(F86,",",),0,1)+$A$18,$A$18))/4,0),ROUNDUP(IF(MOD(F$18+INDEX(_xlfn.TEXTSPLIT(F86,",",),0,2)+$A$18,$A$18)=0,$A$18,MOD(F$18+INDEX(_xlfn.TEXTSPLIT(F86,",",),0,2)+$A$18,$A$18))/4,0)))+(INDEX($AD$2:$AK$9,ROUNDUP(IF(MOD($A31+INDEX(_xlfn.TEXTSPLIT(F129,",",),0,1)+$A$18,$A$18)=0,$A$18,MOD($A31+INDEX(_xlfn.TEXTSPLIT(F129,",",),0,1)+$A$18,$A$18))/5,0),ROUNDUP(IF(MOD(F$18+INDEX(_xlfn.TEXTSPLIT(F129,",",),0,2)+$A$18,$A$18)=0,$A$18,MOD(F$18+INDEX(_xlfn.TEXTSPLIT(F129,",",),0,2)+$A$18,$A$18))/5,0)))} -> 7 | G31: {=(INDEX($K$2:$T$11,ROUNDUP(IF(MOD($A31+INDEX(_xlfn.TEXTSPLIT(G86,",",),0,1)+$A$18,$A$18)=0,$A$18,MOD($A31+INDEX(_xlfn.TEXTSPLIT(G86,",",),0,1)+$A$18,$A$18))/4,0),ROUNDUP(IF(MOD(G$18+INDEX(_xlfn.TEXTSPLIT(G86,",",),0,2)+$A$18,$A$18)=0,$A$18,MOD(G$18+INDEX(_xlfn.TEXTSPLIT(G86,",",),0,2)+$A$18,$A$18))/4,0)))+(INDEX($AD$2:$AK$9,ROUNDUP(IF(MOD($A31+INDEX(_xlfn.TEXTSPLIT(G129,",",),0,1)+$A$18,$A$18)=0,$A$18,MOD($A31+INDEX(_xlfn.TEXTSPLIT(G129,",",),0,1)+$A$18,$A$18))/5,0),ROUNDUP(IF(MOD(G$18+INDEX(_xlfn.TEXTSPLIT(G129,",",),0,2)+$A$18,$A$18)=0,$A$18,MOD(G$18+INDEX(_xlfn.TEXTSPLIT(G129,",",),0,2)+$A$18,$A$18))/5,0)))} -> 6 | H31: {=(INDEX($K$2:$T$11,ROUNDUP(IF(MOD($A31+INDEX(_xlfn.TEXTSPLIT(H86,",",),0,1)+$A$18,$A$18)=0,$A$18,MOD($A31+INDEX(_xlfn.TEXTSPLIT(H86,",",),0,1)+$A$18,$A$18))/4,0),ROUNDUP(IF(MOD(H$18+INDEX(_xlfn.TEXTSPLIT(H86,",",),0,2)+$A$18,$A$18)=0,$A$18,MOD(H$18+INDEX(_xlfn.TEXTSPLIT(H86,",",),0,2)+$A$18,$A$18))/4,0)))+(INDEX($AD$2:$AK$9,ROUNDUP(IF(MOD($A31+INDEX(_xlfn.TEXTSPLIT(H129,",",),0,1)+$A$18,$A$18)=0,$A$18,MOD($A31+INDEX(_xlfn.TEXTSPLIT(H129,",",),0,1)+$A$18,$A$18))/5,0),ROUNDUP(IF(MOD(H$18+INDEX(_xlfn.TEXTSPLIT(H129,",",),0,2)+$A$18,$A$18)=0,$A$18,MOD(H$18+INDEX(_xlfn.TEXTSPLIT(H129,",",),0,2)+$A$18,$A$18))/5,0)))} -> 7 | I31: {=(INDEX($K$2:$T$11,ROUNDUP(IF(MOD($A31+INDEX(_xlfn.TEXTSPLIT(I86,",",),0,1)+$A$18,$A$18)=0,$A$18,MOD($A31+INDEX(_xlfn.TEXTSPLIT(I86,",",),0,1)+$A$18,$A$18))/4,0),ROUNDUP(IF(MOD(I$18+INDEX(_xlfn.TEXTSPLIT(I86,",",),0,2)+$A$18,$A$18)=0,$A$18,MOD(I$18+INDEX(_xlfn.TEXTSPLIT(I86,",",),0,2)+$A$18,$A$18))/4,0)))+(INDEX($AD$2:$AK$9,ROUNDUP(IF(MOD($A31+INDEX(_xlfn.TEXTSPLIT(I129,",",),0,1)+$A$18,$A$18)=0,$A$18,MOD($A31+INDEX(_xlfn.TEXTSPLIT(I129,",",),0,1)+$A$18,$A$18))/5,0),ROUNDUP(IF(MOD(I$18+INDEX(_xlfn.TEXTSPLIT(I129,",",),0,2)+$A$18,$A$18)=0,$A$18,MOD(I$18+INDEX(_xlfn.TEXTSPLIT(I129,",",),0,2)+$A$18,$A$18))/5,0)))} -> 7 | ... AO31: {=(INDEX($K$2:$T$11,ROUNDUP(IF(MOD($A31+INDEX(_xlfn.TEXTSPLIT(AO86,",",),0,1)+$A$18,$A$18)=0,$A$18,MOD($A31+INDEX(_xlfn.TEXTSPLIT(AO86,",",),0,1)+$A$18,$A$18))/4,0),ROUNDUP(IF(MOD(AO$18+INDEX(_xlfn.TEXTSPLIT(AO86,",",),0,2)+$A$18,$A$18)=0,$A$18,MOD(AO$18+INDEX(_xlfn.TEXTSPLIT(AO86,",",),0,2)+$A$18,$A$18))/4,0)))+(INDEX($AD$2:$AK$9,ROUNDUP(IF(MOD($A31+INDEX(_xlfn.TEXTSPLIT(AO129,",",),0,1)+$A$18,$A$18)=0,$A$18,MOD($A31+INDEX(_xlfn.TEXTSPLIT(AO129,",",),0,1)+$A$18,$A$18))/5,0),ROUNDUP(IF(MOD(AO$18+INDEX(_xlfn.TEXTSPLIT(AO129,",",),0,2)+$A$18,$A$18)=0,$A$18,MOD(AO$18+INDEX(_xlfn.TEXTSPLIT(AO129,",",),0,2)+$A$18,$A$18))/5,0)))} -> 5
... A57: 39 | B57: {=(INDEX($K$2:$T$11,ROUNDUP(IF(MOD($A57+INDEX(_xlfn.TEXTSPLIT(B112,",",),0,1)+$A$18,$A$18)=0,$A$18,MOD($A57+INDEX(_xlfn.TEXTSPLIT(B112,",",),0,1)+$A$18,$A$18))/4,0),ROUNDUP(IF(MOD(B$18+INDEX(_xlfn.TEXTSPLIT(B112,",",),0,2)+$A$18,$A$18)=0,$A$18,MOD(B$18+INDEX(_xlfn.TEXTSPLIT(B112,",",),0,2)+$A$18,$A$18))/4,0)))+(INDEX($AD$2:$AK$9,ROUNDUP(IF(MOD($A57+INDEX(_xlfn.TEXTSPLIT(B155,",",),0,1)+$A$18,$A$18)=0,$A$18,MOD($A57+INDEX(_xlfn.TEXTSPLIT(B155,",",),0,1)+$A$18,$A$18))/5,0),ROUNDUP(IF(MOD(B$18+INDEX(_xlfn.TEXTSPLIT(B155,",",),0,2)+$A$18,$A$18)=0,$A$18,MOD(B$18+INDEX(_xlfn.TEXTSPLIT(B155,",",),0,2)+$A$18,$A$18))/5,0)))} -> 5 | C57: {=(INDEX($K$2:$T$11,ROUNDUP(IF(MOD($A57+INDEX(_xlfn.TEXTSPLIT(C112,",",),0,1)+$A$18,$A$18)=0,$A$18,MOD($A57+INDEX(_xlfn.TEXTSPLIT(C112,",",),0,1)+$A$18,$A$18))/4,0),ROUNDUP(IF(MOD(C$18+INDEX(_xlfn.TEXTSPLIT(C112,",",),0,2)+$A$18,$A$18)=0,$A$18,MOD(C$18+INDEX(_xlfn.TEXTSPLIT(C112,",",),0,2)+$A$18,$A$18))/4,0)))+(INDEX($AD$2:$AK$9,ROUNDUP(IF(MOD($A57+INDEX(_xlfn.TEXTSPLIT(C155,",",),0,1)+$A$18,$A$18)=0,$A$18,MOD($A57+INDEX(_xlfn.TEXTSPLIT(C155,",",),0,1)+$A$18,$A$18))/5,0),ROUNDUP(IF(MOD(C$18+INDEX(_xlfn.TEXTSPLIT(C155,",",),0,2)+$A$18,$A$18)=0,$A$18,MOD(C$18+INDEX(_xlfn.TEXTSPLIT(C155,",",),0,2)+$A$18,$A$18))/5,0)))} -> 5 | D57: {=(INDEX($K$2:$T$11,ROUNDUP(IF(MOD($A57+INDEX(_xlfn.TEXTSPLIT(D112,",",),0,1)+$A$18,$A$18)=0,$A$18,MOD($A57+INDEX(_xlfn.TEXTSPLIT(D112,",",),0,1)+$A$18,$A$18))/4,0),ROUNDUP(IF(MOD(D$18+INDEX(_xlfn.TEXTSPLIT(D112,",",),0,2)+$A$18,$A$18)=0,$A$18,MOD(D$18+INDEX(_xlfn.TEXTSPLIT(D112,",",),0,2)+$A$18,$A$18))/4,0)))+(INDEX($AD$2:$AK$9,ROUNDUP(IF(MOD($A57+INDEX(_xlfn.TEXTSPLIT(D155,",",),0,1)+$A$18,$A$18)=0,$A$18,MOD($A57+INDEX(_xlfn.TEXTSPLIT(D155,",",),0,1)+$A$18,$A$18))/5,0),ROUNDUP(IF(MOD(D$18+INDEX(_xlfn.TEXTSPLIT(D155,",",),0,2)+$A$18,$A$18)=0,$A$18,MOD(D$18+INDEX(_xlfn.TEXTSPLIT(D155,",",),0,2)+$A$18,$A$18))/5,0)))} -> 5 | E57: {=(INDEX($K$2:$T$11,ROUNDUP(IF(MOD($A57+INDEX(_xlfn.TEXTSPLIT(E112,",",),0,1)+$A$18,$A$18)=0,$A$18,MOD($A57+INDEX(_xlfn.TEXTSPLIT(E112,",",),0,1)+$A$18,$A$18))/4,0),ROUNDUP(IF(MOD(E$18+INDEX(_xlfn.TEXTSPLIT(E112,",",),0,2)+$A$18,$A$18)=0,$A$18,MOD(E$18+INDEX(_xlfn.TEXTSPLIT(E112,",",),0,2)+$A$18,$A$18))/4,0)))+(INDEX($AD$2:$AK$9,ROUNDUP(IF(MOD($A57+INDEX(_xlfn.TEXTSPLIT(E155,",",),0,1)+$A$18,$A$18)=0,$A$18,MOD($A57+INDEX(_xlfn.TEXTSPLIT(E155,",",),0,1)+$A$18,$A$18))/5,0),ROUNDUP(IF(MOD(E$18+INDEX(_xlfn.TEXTSPLIT(E155,",",),0,2)+$A$18,$A$18)=0,$A$18,MOD(E$18+INDEX(_xlfn.TEXTSPLIT(E155,",",),0,2)+$A$18,$A$18))/5,0)))} -> 5 | F57: {=(INDEX($K$2:$T$11,ROUNDUP(IF(MOD($A57+INDEX(_xlfn.TEXTSPLIT(F112,",",),0,1)+$A$18,$A$18)=0,$A$18,MOD($A57+INDEX(_xlfn.TEXTSPLIT(F112,",",),0,1)+$A$18,$A$18))/4,0),ROUNDUP(IF(MOD(F$18+INDEX(_xlfn.TEXTSPLIT(F112,",",),0,2)+$A$18,$A$18)=0,$A$18,MOD(F$18+INDEX(_xlfn.TEXTSPLIT(F112,",",),0,2)+$A$18,$A$18))/4,0)))+(INDEX($AD$2:$AK$9,ROUNDUP(IF(MOD($A57+INDEX(_xlfn.TEXTSPLIT(F155,",",),0,1)+$A$18,$A$18)=0,$A$18,MOD($A57+INDEX(_xlfn.TEXTSPLIT(F155,",",),0,1)+$A$18,$A$18))/5,0),ROUNDUP(IF(MOD(F$18+INDEX(_xlfn.TEXTSPLIT(F155,",",),0,2)+$A$18,$A$18)=0,$A$18,MOD(F$18+INDEX(_xlfn.TEXTSPLIT(F155,",",),0,2)+$A$18,$A$18))/5,0)))} -> 3 | G57: {=(INDEX($K$2:$T$11,ROUNDUP(IF(MOD($A57+INDEX(_xlfn.TEXTSPLIT(G112,",",),0,1)+$A$18,$A$18)=0,$A$18,MOD($A57+INDEX(_xlfn.TEXTSPLIT(G112,",",),0,1)+$A$18,$A$18))/4,0),ROUNDUP(IF(MOD(G$18+INDEX(_xlfn.TEXTSPLIT(G112,",",),0,2)+$A$18,$A$18)=0,$A$18,MOD(G$18+INDEX(_xlfn.TEXTSPLIT(G112,",",),0,2)+$A$18,$A$18))/4,0)))+(INDEX($AD$2:$AK$9,ROUNDUP(IF(MOD($A57+INDEX(_xlfn.TEXTSPLIT(G155,",",),0,1)+$A$18,$A$18)=0,$A$18,MOD($A57+INDEX(_xlfn.TEXTSPLIT(G155,",",),0,1)+$A$18,$A$18))/5,0),ROUNDUP(IF(MOD(G$18+INDEX(_xlfn.TEXTSPLIT(G155,",",),0,2)+$A$18,$A$18)=0,$A$18,MOD(G$18+INDEX(_xlfn.TEXTSPLIT(G155,",",),0,2)+$A$18,$A$18))/5,0)))} -> 1 | H57: {=(INDEX($K$2:$T$11,ROUNDUP(IF(MOD($A57+INDEX(_xlfn.TEXTSPLIT(H112,",",),0,1)+$A$18,$A$18)=0,$A$18,MOD($A57+INDEX(_xlfn.TEXTSPLIT(H112,",",),0,1)+$A$18,$A$18))/4,0),ROUNDUP(IF(MOD(H$18+INDEX(_xlfn.TEXTSPLIT(H112,",",),0,2)+$A$18,$A$18)=0,$A$18,MOD(H$18+INDEX(_xlfn.TEXTSPLIT(H112,",",),0,2)+$A$18,$A$18))/4,0)))+(INDEX($AD$2:$AK$9,ROUNDUP(IF(MOD($A57+INDEX(_xlfn.TEXTSPLIT(H155,",",),0,1)+$A$18,$A$18)=0,$A$18,MOD($A57+INDEX(_xlfn.TEXTSPLIT(H155,",",),0,1)+$A$18,$A$18))/5,0),ROUNDUP(IF(MOD(H$18+INDEX(_xlfn.TEXTSPLIT(H155,",",),0,2)+$A$18,$A$18)=0,$A$18,MOD(H$18+INDEX(_xlfn.TEXTSPLIT(H155,",",),0,2)+$A$18,$A$18))/5,0)))} -> 3 | I57: {=(INDEX($K$2:$T$11,ROUNDUP(IF(MOD($A57+INDEX(_xlfn.TEXTSPLIT(I112,",",),0,1)+$A$18,$A$18)=0,$A$18,MOD($A57+INDEX(_xlfn.TEXTSPLIT(I112,",",),0,1)+$A$18,$A$18))/4,0),ROUNDUP(IF(MOD(I$18+INDEX(_xlfn.TEXTSPLIT(I112,",",),0,2)+$A$18,$A$18)=0,$A$18,MOD(I$18+INDEX(_xlfn.TEXTSPLIT(I112,",",),0,2)+$A$18,$A$18))/4,0)))+(INDEX($AD$2:$AK$9,ROUNDUP(IF(MOD($A57+INDEX(_xlfn.TEXTSPLIT(I155,",",),0,1)+$A$18,$A$18)=0,$A$18,MOD($A57+INDEX(_xlfn.TEXTSPLIT(I155,",",),0,1)+$A$18,$A$18))/5,0),ROUNDUP(IF(MOD(I$18+INDEX(_xlfn.TEXTSPLIT(I155,",",),0,2)+$A$18,$A$18)=0,$A$18,MOD(I$18+INDEX(_xlfn.TEXTSPLIT(I155,",",),0,2)+$A$18,$A$18))/5,0)))} -> 3 | ... AO57: {=(INDEX($K$2:$T$11,ROUNDUP(IF(MOD($A57+INDEX(_xlfn.TEXTSPLIT(AO112,",",),0,1)+$A$18,$A$18)=0,$A$18,MOD($A57+INDEX(_xlfn.TEXTSPLIT(AO112,",",),0,1)+$A$18,$A$18))/4,0),ROUNDUP(IF(MOD(AO$18+INDEX(_xlfn.TEXTSPLIT(AO112,",",),0,2)+$A$18,$A$18)=0,$A$18,MOD(AO$18+INDEX(_xlfn.TEXTSPLIT(AO112,",",),0,2)+$A$18,$A$18))/4,0)))+(INDEX($AD$2:$AK$9,ROUNDUP(IF(MOD($A57+INDEX(_xlfn.TEXTSPLIT(AO155,",",),0,1)+$A$18,$A$18)=0,$A$18,MOD($A57+INDEX(_xlfn.TEXTSPLIT(AO155,",",),0,1)+$A$18,$A$18))/5,0),ROUNDUP(IF(MOD(AO$18+INDEX(_xlfn.TEXTSPLIT(AO155,",",),0,2)+$A$18,$A$18)=0,$A$18,MOD(AO$18+INDEX(_xlfn.TEXTSPLIT(AO155,",",),0,2)+$A$18,$A$18))/5,0)))} -> 7
A58: 40 | B58: {=(INDEX($K$2:$T$11,ROUNDUP($A58/4,0),ROUNDUP(IF(MOD(B$18+INDEX(_xlfn.TEXTSPLIT(B113,",",),0,2)+$A$18,$A$18)=0,$A$18,MOD(B$18+INDEX(_xlfn.TEXTSPLIT(B113,",",),0,2)+$A$18,$A$18))/4,0)))+(INDEX($AD$2:$AK$9,ROUNDUP($A58/5,0),ROUNDUP(IF(MOD(B$18+INDEX(_xlfn.TEXTSPLIT(B156,",",),0,2)+$A$18,$A$18)=0,$A$18,MOD(B$18+INDEX(_xlfn.TEXTSPLIT(B156,",",),0,2)+$A$18,$A$18))/5,0)))} -> 7 | C58: {=(INDEX($K$2:$T$11,ROUNDUP($A58/4,0),ROUNDUP(IF(MOD(C$18+INDEX(_xlfn.TEXTSPLIT(C113,",",),0,2)+$A$18,$A$18)=0,$A$18,MOD(C$18+INDEX(_xlfn.TEXTSPLIT(C113,",",),0,2)+$A$18,$A$18))/4,0)))+(INDEX($AD$2:$AK$9,ROUNDUP($A58/5,0),ROUNDUP(IF(MOD(C$18+INDEX(_xlfn.TEXTSPLIT(C156,",",),0,2)+$A$18,$A$18)=0,$A$18,MOD(C$18+INDEX(_xlfn.TEXTSPLIT(C156,",",),0,2)+$A$18,$A$18))/5,0)))} -> 5 | D58: {=(INDEX($K$2:$T$11,ROUNDUP($A58/4,0),ROUNDUP(IF(MOD(D$18+INDEX(_xlfn.TEXTSPLIT(D113,",",),0,2)+$A$18,$A$18)=0,$A$18,MOD(D$18+INDEX(_xlfn.TEXTSPLIT(D113,",",),0,2)+$A$18,$A$18))/4,0)))+(INDEX($AD$2:$AK$9,ROUNDUP($A58/5,0),ROUNDUP(IF(MOD(D$18+INDEX(_xlfn.TEXTSPLIT(D156,",",),0,2)+$A$18,$A$18)=0,$A$18,MOD(D$18+INDEX(_xlfn.TEXTSPLIT(D156,",",),0,2)+$A$18,$A$18))/5,0)))} -> 5 | E58: {=(INDEX($K$2:$T$11,ROUNDUP($A58/4,0),ROUNDUP(IF(MOD(E$18+INDEX(_xlfn.TEXTSPLIT(E113,",",),0,2)+$A$18,$A$18)=0,$A$18,MOD(E$18+INDEX(_xlfn.TEXTSPLIT(E113,",",),0,2)+$A$18,$A$18))/4,0)))+(INDEX($AD$2:$AK$9,ROUNDUP($A58/5,0),ROUNDUP(IF(MOD(E$18+INDEX(_xlfn.TEXTSPLIT(E156,",",),0,2)+$A$18,$A$18)=0,$A$18,MOD(E$18+INDEX(_xlfn.TEXTSPLIT(E156,",",),0,2)+$A$18,$A$18))/5,0)))} -> 5 | F58: {=(INDEX($K$2:$T$11,ROUNDUP($A58/4,0),ROUNDUP(IF(MOD(F$18+INDEX(_xlfn.TEXTSPLIT(F113,",",),0,2)+$A$18,$A$18)=0,$A$18,MOD(F$18+INDEX(_xlfn.TEXTSPLIT(F113,",",),0,2)+$A$18,$A$18))/4,0)))+(INDEX($AD$2:$AK$9,ROUNDUP($A58/5,0),ROUNDUP(IF(MOD(F$18+INDEX(_xlfn.TEXTSPLIT(F156,",",),0,2)+$A$18,$A$18)=0,$A$18,MOD(F$18+INDEX(_xlfn.TEXTSPLIT(F156,",",),0,2)+$A$18,$A$18))/5,0)))} -> 5 | G58: {=(INDEX($K$2:$T$11,ROUNDUP($A58/4,0),ROUNDUP(IF(MOD(G$18+INDEX(_xlfn.TEXTSPLIT(G113,",",),0,2)+$A$18,$A$18)=0,$A$18,MOD(G$18+INDEX(_xlfn.TEXTSPLIT(G113,",",),0,2)+$A$18,$A$18))/4,0)))+(INDEX($AD$2:$AK$9,ROUNDUP($A58/5,0),ROUNDUP(IF(MOD(G$18+INDEX(_xlfn.TEXTSPLIT(G156,",",),0,2)+$A$18,$A$18)=0,$A$18,MOD(G$18+INDEX(_xlfn.TEXTSPLIT(G156,",",),0,2)+$A$18,$A$18))/5,0)))} -> 3 | H58: {=(INDEX($K$2:$T$11,ROUNDUP($A58/4,0),ROUNDUP(IF(MOD(H$18+INDEX(_xlfn.TEXTSPLIT(H113,",",),0,2)+$A$18,$A$18)=0,$A$18,MOD(H$18+INDEX(_xlfn.TEXTSPLIT(H113,",",),0,2)+$A$18,$A$18))/4,0)))+(INDEX($AD$2:$AK$9,ROUNDUP($A58/5,0),ROUNDUP(IF(MOD(H$18+INDEX(_xlfn.TEXTSPLIT(H156,",",),0,2)+$A$18,$A$18)=0,$A$18,MOD(H$18+INDEX(_xlfn.TEXTSPLIT(H156,",",),0,2)+$A$18,$A$18))/5,0)))} -> 3 | I58: {=(INDEX($K$2:$T$11,ROUNDUP($A58/4,0),ROUNDUP(IF(MOD(I$18+INDEX(_xlfn.TEXTSPLIT(I113,",",),0,2)+$A$18,$A$18)=0,$A$18,MOD(I$18+INDEX(_xlfn.TEXTSPLIT(I113,",",),0,2)+$A$18,$A$18))/4,0)))+(INDEX($AD$2:$AK$9,ROUNDUP($A58/5,0),ROUNDUP(IF(MOD(I$18+INDEX(_xlfn.TEXTSPLIT(I156,",",),0,2)+$A$18,$A$18)=0,$A$18,MOD(I$18+INDEX(_xlfn.TEXTSPLIT(I156,",",),0,2)+$A$18,$A$18))/5,0)))} -> 3 | ... AO58: {=(INDEX($K$2:$T$11,ROUNDUP($A58/4,0),ROUNDUP(IF(MOD(AO$18+INDEX(_xlfn.TEXTSPLIT(AO113,",",),0,2)+$A$18,$A$18)=0,$A$18,MOD(AO$18+INDEX(_xlfn.TEXTSPLIT(AO113,",",),0,2)+$A$18,$A$18))/4,0)))+(INDEX($AD$2:$AK$9,ROUNDUP($A58/5,0),ROUNDUP(IF(MOD(AO$18+INDEX(_xlfn.TEXTSPLIT(AO156,",",),0,2)+$A$18,$A$18)=0,$A$18,MOD(AO$18+INDEX(_xlfn.TEXTSPLIT(AO156,",",),0,2)+$A$18,$A$18))/5,0)))} -> 7
A60: 10 | B60: 1 | C60: 2 | D60: 3 | E60: 4 | F60: 5 | G60: 6 | H60: 7 | I60: 8 | J60: 9 | K60: 10 | M60: 8 | N60: 1 | O60: 2 | P60: 3 | Q60: 4 | R60: 5 | S60: 6 | T60: 7 | U60: 8
A61: 1 | B61: =_xlfn.TEXTJOIN(",",FALSE,"",RANDBETWEEN(-1,1)) -> ,-1 | C61: =_xlfn.TEXTJOIN(",",FALSE,"",RANDBETWEEN(-1,1)) -> ,1 | D61: =_xlfn.TEXTJOIN(",",FALSE,"",RANDBETWEEN(-1,1)) -> ,-1 | E61: =_xlfn.TEXTJOIN(",",FALSE,"",RANDBETWEEN(-1,1)) -> ,1 | F61: =_xlfn.TEXTJOIN(",",FALSE,"",RANDBETWEEN(-1,1)) -> ,-1 | G61: =_xlfn.TEXTJOIN(",",FALSE,"",RANDBETWEEN(-1,1)) -> ,1 | H61: =_xlfn.TEXTJOIN(",",FALSE,"",RANDBETWEEN(-1,1)) -> ,0 | I61: =_xlfn.TEXTJOIN(",",FALSE,"",RANDBETWEEN(-1,1)) -> ,1 | ... K61: =_xlfn.TEXTJOIN(",",FALSE,"",RANDBETWEEN(-1,1)) -> ,1 | M61: 1 | N61: =_xlfn.TEXTJOIN(",",FALSE,"",RANDBETWEEN(-1,1)) -> ,-1 | O61: =_xlfn.TEXTJOIN(",",FALSE,"",RANDBETWEEN(-1,1)) -> ,1 | P61: =_xlfn.TEXTJOIN(",",FALSE,"",RANDBETWEEN(-1,1)) -> ,-1 | Q61: =_xlfn.TEXTJOIN(",",FALSE,"",RANDBETWEEN(-1,1)) -> ,-1 | R61: =_xlfn.TEXTJOIN(",",FALSE,"",RANDBETWEEN(-1,1)) -> ,0 | S61: =_xlfn.TEXTJOIN(",",FALSE,"",RANDBETWEEN(-1,1)) -> ,1 | T61: =_xlfn.TEXTJOIN(",",FALSE,"",RANDBETWEEN(-1,1)) -> ,-1 | U61: =_xlfn.TEXTJOIN(",",FALSE,"",RANDBETWEEN(-1,1)) -> ,-1
A62: 2 | B62: =_xlfn.TEXTJOIN(",",TRUE,RANDBETWEEN(-1,1),RANDBETWEEN(-1,1)) -> 1,0 | C62: =_xlfn.TEXTJOIN(",",TRUE,RANDBETWEEN(-1,1),RANDBETWEEN(-1,1)) -> 1,-1 | D62: =_xlfn.TEXTJOIN(",",TRUE,RANDBETWEEN(-1,1),RANDBETWEEN(-1,1)) -> 1,1 | E62: =_xlfn.TEXTJOIN(",",TRUE,RANDBETWEEN(-1,1),RANDBETWEEN(-1,1)) -> 1,0 | F62: =_xlfn.TEXTJOIN(",",TRUE,RANDBETWEEN(-1,1),RANDBETWEEN(-1,1)) -> -1,1 | G62: =_xlfn.TEXTJOIN(",",TRUE,RANDBETWEEN(-1,1),RANDBETWEEN(-1,1)) -> 1,1 | H62: =_xlfn.TEXTJOIN(",",TRUE,RANDBETWEEN(-1,1),RANDBETWEEN(-1,1)) -> 0,-1 | I62: =_xlfn.TEXTJOIN(",",TRUE,RANDBETWEEN(-1,1),RANDBETWEEN(-1,1)) -> 0,0 | ... K62: =_xlfn.TEXTJOIN(",",TRUE,RANDBETWEEN(-1,1),RANDBETWEEN(-1,1)) -> 0,0 | M62: 2 | N62: =_xlfn.TEXTJOIN(",",TRUE,RANDBETWEEN(-1,1),RANDBETWEEN(-1,1)) -> 1,-1 | O62: =_xlfn.TEXTJOIN(",",TRUE,RANDBETWEEN(-1,1),RANDBETWEEN(-1,1)) -> -1,0 | P62: =_xlfn.TEXTJOIN(",",TRUE,RANDBETWEEN(-1,1),RANDBETWEEN(-1,1)) -> -1,1 | Q62: =_xlfn.TEXTJOIN(",",TRUE,RANDBETWEEN(-1,1),RANDBETWEEN(-1,1)) -> -1,-1 | R62: =_xlfn.TEXTJOIN(",",TRUE,RANDBETWEEN(-1,1),RANDBETWEEN(-1,1)) -> -1,-1 | S62: =_xlfn.TEXTJOIN(",",TRUE,RANDBETWEEN(-1,1),RANDBETWEEN(-1,1)) -> 0,-1 | T62: =_xlfn.TEXTJOIN(",",TRUE,RANDBETWEEN(-1,1),RANDBETWEEN(-1,1)) -> -1,1 | U62: =_xlfn.TEXTJOIN(",",TRUE,RANDBETWEEN(-1,1),RANDBETWEEN(-1,1)) -> 1,0
A63: 3 | B63: =_xlfn.TEXTJOIN(",",TRUE,RANDBETWEEN(-1,1),RANDBETWEEN(-1,1)) -> -1,0 | C63: =_xlfn.TEXTJOIN(",",TRUE,RANDBETWEEN(-1,1),RANDBETWEEN(-1,1)) -> -1,-1 | D63: =_xlfn.TEXTJOIN(",",TRUE,RANDBETWEEN(-1,1),RANDBETWEEN(-1,1)) -> 1,0 | E63: =_xlfn.TEXTJOIN(",",TRUE,RANDBETWEEN(-1,1),RANDBETWEEN(-1,1)) -> 0,1 | F63: =_xlfn.TEXTJOIN(",",TRUE,RANDBETWEEN(-1,1),RANDBETWEEN(-1,1)) -> 1,-1 | G63: =_xlfn.TEXTJOIN(",",TRUE,RANDBETWEEN(-1,1),RANDBETWEEN(-1,1)) -> -1,0 | H63: =_xlfn.TEXTJOIN(",",TRUE,RANDBETWEEN(-1,1),RANDBETWEEN(-1,1)) -> 1,-1 | I63: =_xlfn.TEXTJOIN(",",TRUE,RANDBETWEEN(-1,1),RANDBETWEEN(-1,1)) -> 1,-1 | ... K63: =_xlfn.TEXTJOIN(",",TRUE,RANDBETWEEN(-1,1),RANDBETWEEN(-1,1)) -> 0,1 | M63: 3 | N63: =_xlfn.TEXTJOIN(",",TRUE,RANDBETWEEN(-1,1),RANDBETWEEN(-1,1)) -> -1,-1 | O63: =_xlfn.TEXTJOIN(",",TRUE,RANDBETWEEN(-1,1),RANDBETWEEN(-1,1)) -> 0,1 | P63: =_xlfn.TEXTJOIN(",",TRUE,RANDBETWEEN(-1,1),RANDBETWEEN(-1,1)) -> 0,1 | Q63: =_xlfn.TEXTJOIN(",",TRUE,RANDBETWEEN(-1,1),RANDBETWEEN(-1,1)) -> -1,-1 | R63: =_xlfn.TEXTJOIN(",",TRUE,RANDBETWEEN(-1,1),RANDBETWEEN(-1,1)) -> 1,-1 | S63: =_xlfn.TEXTJOIN(",",TRUE,RANDBETWEEN(-1,1),RANDBETWEEN(-1,1)) -> 0,1 | T63: =_xlfn.TEXTJOIN(",",TRUE,RANDBETWEEN(-1,1),RANDBETWEEN(-1,1)) -> 0,1 | U63: =_xlfn.TEXTJOIN(",",TRUE,RANDBETWEEN(-1,1),RANDBETWEEN(-1,1)) -> 1,0
A64: 4 | B64: =_xlfn.TEXTJOIN(",",TRUE,RANDBETWEEN(-1,1),RANDBETWEEN(-1,1)) -> 0,1 | C64: =_xlfn.TEXTJOIN(",",TRUE,RANDBETWEEN(-1,1),RANDBETWEEN(-1,1)) -> -1,0 | D64: =_xlfn.TEXTJOIN(",",TRUE,RANDBETWEEN(-1,1),RANDBETWEEN(-1,1)) -> 1,1 | E64: =_xlfn.TEXTJOIN(",",TRUE,RANDBETWEEN(-1,1),RANDBETWEEN(-1,1)) -> 0,-1 | F64: =_xlfn.TEXTJOIN(",",TRUE,RANDBETWEEN(-1,1),RANDBETWEEN(-1,1)) -> 1,-1 | G64: =_xlfn.TEXTJOIN(",",TRUE,RANDBETWEEN(-1,1),RANDBETWEEN(-1,1)) -> 0,0 | H64: =_xlfn.TEXTJOIN(",",TRUE,RANDBETWEEN(-1,1),RANDBETWEEN(-1,1)) -> 0,1 | I64: =_xlfn.TEXTJOIN(",",TRUE,RANDBETWEEN(-1,1),RANDBETWEEN(-1,1)) -> 1,1 | ... K64: =_xlfn.TEXTJOIN(",",TRUE,RANDBETWEEN(-1,1),RANDBETWEEN(-1,1)) -> -1,0 | M64: 4 | N64: =_xlfn.TEXTJOIN(",",TRUE,RANDBETWEEN(-1,1),RANDBETWEEN(-1,1)) -> 0,0 | O64: =_xlfn.TEXTJOIN(",",TRUE,RANDBETWEEN(-1,1),RANDBETWEEN(-1,1)) -> 1,0 | P64: =_xlfn.TEXTJOIN(",",TRUE,RANDBETWEEN(-1,1),RANDBETWEEN(-1,1)) -> 1,1 | Q64: =_xlfn.TEXTJOIN(",",TRUE,RANDBETWEEN(-1,1),RANDBETWEEN(-1,1)) -> -1,1 | R64: =_xlfn.TEXTJOIN(",",TRUE,RANDBETWEEN(-1,1),RANDBETWEEN(-1,1)) -> 1,-1 | S64: =_xlfn.TEXTJOIN(",",TRUE,RANDBETWEEN(-1,1),RANDBETWEEN(-1,1)) -> 1,1 | T64: =_xlfn.TEXTJOIN(",",TRUE,RANDBETWEEN(-1,1),RANDBETWEEN(-1,1)) -> 0,-1 | U64: =_xlfn.TEXTJOIN(",",TRUE,RANDBETWEEN(-1,1),RANDBETWEEN(-1,1)) -> 0,-1
A65: 5 | B65: =_xlfn.TEXTJOIN(",",TRUE,RANDBETWEEN(-1,1),RANDBETWEEN(-1,1)) -> 0,1 | C65: =_xlfn.TEXTJOIN(",",TRUE,RANDBETWEEN(-1,1),RANDBETWEEN(-1,1)) -> 1,-1 | D65: =_xlfn.TEXTJOIN(",",TRUE,RANDBETWEEN(-1,1),RANDBETWEEN(-1,1)) -> 0,0 | E65: =_xlfn.TEXTJOIN(",",TRUE,RANDBETWEEN(-1,1),RANDBETWEEN(-1,1)) -> 1,0 | F65: =_xlfn.TEXTJOIN(",",TRUE,RANDBETWEEN(-1,1),RANDBETWEEN(-1,1)) -> -1,0 | G65: =_xlfn.TEXTJOIN(",",TRUE,RANDBETWEEN(-1,1),RANDBETWEEN(-1,1)) -> -1,1 | H65: =_xlfn.TEXTJOIN(",",TRUE,RANDBETWEEN(-1,1),RANDBETWEEN(-1,1)) -> 1,1 | I65: =_xlfn.TEXTJOIN(",",TRUE,RANDBETWEEN(-1,1),RANDBETWEEN(-1,1)) -> -1,0 | ... K65: =_xlfn.TEXTJOIN(",",TRUE,RANDBETWEEN(-1,1),RANDBETWEEN(-1,1)) -> 1,0 | M65: 5 | N65: =_xlfn.TEXTJOIN(",",TRUE,RANDBETWEEN(-1,1),RANDBETWEEN(-1,1)) -> -1,-1 | O65: =_xlfn.TEXTJOIN(",",TRUE,RANDBETWEEN(-1,1),RANDBETWEEN(-1,1)) -> -1,1 | P65: =_xlfn.TEXTJOIN(",",TRUE,RANDBETWEEN(-1,1),RANDBETWEEN(-1,1)) -> 1,1 | Q65: =_xlfn.TEXTJOIN(",",TRUE,RANDBETWEEN(-1,1),RANDBETWEEN(-1,1)) -> 1,1 | R65: =_xlfn.TEXTJOIN(",",TRUE,RANDBETWEEN(-1,1),RANDBETWEEN(-1,1)) -> 0,-1 | S65: =_xlfn.TEXTJOIN(",",TRUE,RANDBETWEEN(-1,1),RANDBETWEEN(-1,1)) -> 0,1 | T65: =_xlfn.TEXTJOIN(",",TRUE,RANDBETWEEN(-1,1),RANDBETWEEN(-1,1)) -> -1,-1 | U65: =_xlfn.TEXTJOIN(",",TRUE,RANDBETWEEN(-1,1),RANDBETWEEN(-1,1)) -> 0,-1
A66: 6 | B66: =_xlfn.TEXTJOIN(",",TRUE,RANDBETWEEN(-1,1),RANDBETWEEN(-1,1)) -> -1,1 | C66: =_xlfn.TEXTJOIN(",",TRUE,RANDBETWEEN(-1,1),RANDBETWEEN(-1,1)) -> 1,-1 | D66: =_xlfn.TEXTJOIN(",",TRUE,RANDBETWEEN(-1,1),RANDBETWEEN(-1,1)) -> 1,1 | E66: =_xlfn.TEXTJOIN(",",TRUE,RANDBETWEEN(-1,1),RANDBETWEEN(-1,1)) -> -1,1 | F66: =_xlfn.TEXTJOIN(",",TRUE,RANDBETWEEN(-1,1),RANDBETWEEN(-1,1)) -> 0,1 | G66: =_xlfn.TEXTJOIN(",",TRUE,RANDBETWEEN(-1,1),RANDBETWEEN(-1,1)) -> 0,-1 | H66: =_xlfn.TEXTJOIN(",",TRUE,RANDBETWEEN(-1,1),RANDBETWEEN(-1,1)) -> 1,0 | I66: =_xlfn.TEXTJOIN(",",TRUE,RANDBETWEEN(-1,1),RANDBETWEEN(-1,1)) -> 0,0 | ... K66: =_xlfn.TEXTJOIN(",",TRUE,RANDBETWEEN(-1,1),RANDBETWEEN(-1,1)) -> -1,-1 | M66: 6 | N66: =_xlfn.TEXTJOIN(",",TRUE,RANDBETWEEN(-1,1),RANDBETWEEN(-1,1)) -> -1,0 | O66: =_xlfn.TEXTJOIN(",",TRUE,RANDBETWEEN(-1,1),RANDBETWEEN(-1,1)) -> 1,0 | P66: =_xlfn.TEXTJOIN(",",TRUE,RANDBETWEEN(-1,1),RANDBETWEEN(-1,1)) -> -1,-1 | Q66: =_xlfn.TEXTJOIN(",",TRUE,RANDBETWEEN(-1,1),RANDBETWEEN(-1,1)) -> 1,1 | R66: =_xlfn.TEXTJOIN(",",TRUE,RANDBETWEEN(-1,1),RANDBETWEEN(-1,1)) -> 1,-1 | S66: =_xlfn.TEXTJOIN(",",TRUE,RANDBETWEEN(-1,1),RANDBETWEEN(-1,1)) -> -1,0 | T66: =_xlfn.TEXTJOIN(",",TRUE,RANDBETWEEN(-1,1),RANDBETWEEN(-1,1)) -> 1,-1 | U66: =_xlfn.TEXTJOIN(",",TRUE,RANDBETWEEN(-1,1),RANDBETWEEN(-1,1)) -> 1,1
A67: 7 | B67: =_xlfn.TEXTJOIN(",",TRUE,RANDBETWEEN(-1,1),RANDBETWEEN(-1,1)) -> -1,-1 | C67: =_xlfn.TEXTJOIN(",",TRUE,RANDBETWEEN(-1,1),RANDBETWEEN(-1,1)) -> -1,0 | D67: =_xlfn.TEXTJOIN(",",TRUE,RANDBETWEEN(-1,1),RANDBETWEEN(-1,1)) -> 1,0 | E67: =_xlfn.TEXTJOIN(",",TRUE,RANDBETWEEN(-1,1),RANDBETWEEN(-1,1)) -> 1,-1 | F67: =_xlfn.TEXTJOIN(",",TRUE,RANDBETWEEN(-1,1),RANDBETWEEN(-1,1)) -> 1,0 | G67: =_xlfn.TEXTJOIN(",",TRUE,RANDBETWEEN(-1,1),RANDBETWEEN(-1,1)) -> 0,0 | H67: =_xlfn.TEXTJOIN(",",TRUE,RANDBETWEEN(-1,1),RANDBETWEEN(-1,1)) -> 1,1 | I67: =_xlfn.TEXTJOIN(",",TRUE,RANDBETWEEN(-1,1),RANDBETWEEN(-1,1)) -> 0,1 | ... K67: =_xlfn.TEXTJOIN(",",TRUE,RANDBETWEEN(-1,1),RANDBETWEEN(-1,1)) -> 0,-1 | M67: 7 | N67: =_xlfn.TEXTJOIN(",",TRUE,RANDBETWEEN(-1,1),RANDBETWEEN(-1,1)) -> 0,1 | O67: =_xlfn.TEXTJOIN(",",TRUE,RANDBETWEEN(-1,1),RANDBETWEEN(-1,1)) -> 1,0 | P67: =_xlfn.TEXTJOIN(",",TRUE,RANDBETWEEN(-1,1),RANDBETWEEN(-1,1)) -> 1,0 | Q67: =_xlfn.TEXTJOIN(",",TRUE,RANDBETWEEN(-1,1),RANDBETWEEN(-1,1)) -> 0,-1 | R67: =_xlfn.TEXTJOIN(",",TRUE,RANDBETWEEN(-1,1),RANDBETWEEN(-1,1)) -> -1,0 | S67: =_xlfn.TEXTJOIN(",",TRUE,RANDBETWEEN(-1,1),RANDBETWEEN(-1,1)) -> 0,0 | T67: =_xlfn.TEXTJOIN(",",TRUE,RANDBETWEEN(-1,1),RANDBETWEEN(-1,1)) -> 0,1 | U67: =_xlfn.TEXTJOIN(",",TRUE,RANDBETWEEN(-1,1),RANDBETWEEN(-1,1)) -> 0,0
A68: 8 | B68: =_xlfn.TEXTJOIN(",",TRUE,RANDBETWEEN(-1,1),RANDBETWEEN(-1,1)) -> -1,1 | C68: =_xlfn.TEXTJOIN(",",TRUE,RANDBETWEEN(-1,1),RANDBETWEEN(-1,1)) -> 1,1 | D68: =_xlfn.TEXTJOIN(",",TRUE,RANDBETWEEN(-1,1),RANDBETWEEN(-1,1)) -> 0,1 | E68: =_xlfn.TEXTJOIN(",",TRUE,RANDBETWEEN(-1,1),RANDBETWEEN(-1,1)) -> 0,-1 | F68: =_xlfn.TEXTJOIN(",",TRUE,RANDBETWEEN(-1,1),RANDBETWEEN(-1,1)) -> 0,1 | G68: =_xlfn.TEXTJOIN(",",TRUE,RANDBETWEEN(-1,1),RANDBETWEEN(-1,1)) -> 0,-1 | H68: =_xlfn.TEXTJOIN(",",TRUE,RANDBETWEEN(-1,1),RANDBETWEEN(-1,1)) -> 1,1 | I68: =_xlfn.TEXTJOIN(",",TRUE,RANDBETWEEN(-1,1),RANDBETWEEN(-1,1)) -> 1,1 | ... K68: =_xlfn.TEXTJOIN(",",TRUE,RANDBETWEEN(-1,1),RANDBETWEEN(-1,1)) -> 0,0 | M68: 8 | N68: =_xlfn.TEXTJOIN(",",FALSE,"",RANDBETWEEN(-1,1)) -> ,-1 | O68: =_xlfn.TEXTJOIN(",",FALSE,"",RANDBETWEEN(-1,1)) -> ,0 | P68: =_xlfn.TEXTJOIN(",",FALSE,"",RANDBETWEEN(-1,1)) -> ,-1 | Q68: =_xlfn.TEXTJOIN(",",FALSE,"",RANDBETWEEN(-1,1)) -> ,1 | R68: =_xlfn.TEXTJOIN(",",FALSE,"",RANDBETWEEN(-1,1)) -> ,-1 | S68: =_xlfn.TEXTJOIN(",",FALSE,"",RANDBETWEEN(-1,1)) -> ,0 | T68: =_xlfn.TEXTJOIN(",",FALSE,"",RANDBETWEEN(-1,1)) -> ,-1 | U68: =_xlfn.TEXTJOIN(",",FALSE,"",RANDBETWEEN(-1,1)) -> ,1
A69: 9 | B69: =_xlfn.TEXTJOIN(",",TRUE,RANDBETWEEN(-1,1),RANDBETWEEN(-1,1)) -> 0,-1 | C69: =_xlfn.TEXTJOIN(",",TRUE,RANDBETWEEN(-1,1),RANDBETWEEN(-1,1)) -> 0,-1 | D69: =_xlfn.TEXTJOIN(",",TRUE,RANDBETWEEN(-1,1),RANDBETWEEN(-1,1)) -> 0,0 | E69: =_xlfn.TEXTJOIN(",",TRUE,RANDBETWEEN(-1,1),RANDBETWEEN(-1,1)) -> 1,0 | F69: =_xlfn.TEXTJOIN(",",TRUE,RANDBETWEEN(-1,1),RANDBETWEEN(-1,1)) -> -1,-1 | G69: =_xlfn.TEXTJOIN(",",TRUE,RANDBETWEEN(-1,1),RANDBETWEEN(-1,1)) -> 1,0 | H69: =_xlfn.TEXTJOIN(",",TRUE,RANDBETWEEN(-1,1),RANDBETWEEN(-1,1)) -> -1,-1 | I69: =_xlfn.TEXTJOIN(",",TRUE,RANDBETWEEN(-1,1),RANDBETWEEN(-1,1)) -> 1,0 | ... K69: =_xlfn.TEXTJOIN(",",TRUE,RANDBETWEEN(-1,1),RANDBETWEEN(-1,1)) -> 0,1
A70: 10 | B70: =_xlfn.TEXTJOIN(",",FALSE,"",RANDBETWEEN(-1,1)) -> ,1 | C70: =_xlfn.TEXTJOIN(",",FALSE,"",RANDBETWEEN(-1,1)) -> ,1 | D70: =_xlfn.TEXTJOIN(",",FALSE,"",RANDBETWEEN(-1,1)) -> ,-1 | E70: =_xlfn.TEXTJOIN(",",FALSE,"",RANDBETWEEN(-1,1)) -> ,-1 | F70: =_xlfn.TEXTJOIN(",",FALSE,"",RANDBETWEEN(-1,1)) -> ,-1 | G70: =_xlfn.TEXTJOIN(",",FALSE,"",RANDBETWEEN(-1,1)) -> ,-1 | H70: =_xlfn.TEXTJOIN(",",FALSE,"",RANDBETWEEN(-1,1)) -> ,1 | I70: =_xlfn.TEXTJOIN(",",FALSE,"",RANDBETWEEN(-1,1)) -> ,1 | ... K70: =_xlfn.TEXTJOIN(",",FALSE,"",RANDBETWEEN(-1,1)) -> ,1
A73: 40 | B73: 1 | C73: 2 | D73: 3 | E73: 4 | F73: 5 | G73: 6 | H73: 7 | I73: 8 | J73: 9 | K73: 10 | L73: 11 | M73: 12 | N73: 13 | O73: 14 | P73: 15 | Q73: 16 | R73: 17 | S73: 18 | T73: 19 | U73: 20 | V73: 21 | W73: 22 | X73: 23 | Y73: 24 | Z73: 25 | AA73: 26 | AB73: 27 | AC73: 28 | AD73: 29 | AE73: 30 | AF73: 31 | AG73: 32 | AH73: 33 | AI73: 34 | AJ73: 35 | AK73: 36 | AL73: 37 | AM73: 38 | AN73: 39 | AO73: 40
A74: 1 | B74: =_xlfn.TEXTJOIN(",",FALSE,"",RANDBETWEEN(-1,1)) -> ,-1 | C74: =_xlfn.TEXTJOIN(",",FALSE,"",RANDBETWEEN(-1,1)) -> ,1 | D74: =_xlfn.TEXTJOIN(",",FALSE,"",RANDBETWEEN(-1,1)) -> ,-1 | E74: =_xlfn.TEXTJOIN(",",FALSE,"",RANDBETWEEN(-1,1)) -> ,-1 | F74: =_xlfn.TEXTJOIN(",",FALSE,"",RANDBETWEEN(-1,1)) -> ,0 | G74: =_xlfn.TEXTJOIN(",",FALSE,"",RANDBETWEEN(-1,1)) -> ,1 | H74: =_xlfn.TEXTJOIN(",",FALSE,"",RANDBETWEEN(-1,1)) -> ,-1 | I74: =_xlfn.TEXTJOIN(",",FALSE,"",RANDBETWEEN(-1,1)) -> ,0 | ... AO74: =_xlfn.TEXTJOIN(",",FALSE,"",RANDBETWEEN(-1,1)) -> ,1
A75: 2 | B75: =_xlfn.TEXTJOIN(",",TRUE,RANDBETWEEN(-1,1),RANDBETWEEN(-1,1)) -> 0,1 | C75: =_xlfn.TEXTJOIN(",",TRUE,RANDBETWEEN(-1,1),RANDBETWEEN(-1,1)) -> -1,-1 | D75: =_xlfn.TEXTJOIN(",",TRUE,RANDBETWEEN(-1,1),RANDBETWEEN(-1,1)) -> 0,0 | E75: =_xlfn.TEXTJOIN(",",TRUE,RANDBETWEEN(-1,1),RANDBETWEEN(-1,1)) -> 1,-1 | F75: =_xlfn.TEXTJOIN(",",TRUE,RANDBETWEEN(-1,1),RANDBETWEEN(-1,1)) -> 1,-1 | G75: =_xlfn.TEXTJOIN(",",TRUE,RANDBETWEEN(-1,1),RANDBETWEEN(-1,1)) -> 1,0 | H75: =_xlfn.TEXTJOIN(",",TRUE,RANDBETWEEN(-1,1),RANDBETWEEN(-1,1)) -> -1,0 | I75: =_xlfn.TEXTJOIN(",",TRUE,RANDBETWEEN(-1,1),RANDBETWEEN(-1,1)) -> 0,0 | ... AO75: =_xlfn.TEXTJOIN(",",TRUE,RANDBETWEEN(-1,1),RANDBETWEEN(-1,1)) -> -1,1
A76: 3 | B76: =_xlfn.TEXTJOIN(",",TRUE,RANDBETWEEN(-1,1),RANDBETWEEN(-1,1)) -> 0,-1 | C76: =_xlfn.TEXTJOIN(",",TRUE,RANDBETWEEN(-1,1),RANDBETWEEN(-1,1)) -> -1,0 | D76: =_xlfn.TEXTJOIN(",",TRUE,RANDBETWEEN(-1,1),RANDBETWEEN(-1,1)) -> 1,0 | E76: =_xlfn.TEXTJOIN(",",TRUE,RANDBETWEEN(-1,1),RANDBETWEEN(-1,1)) -> 0,0 | F76: =_xlfn.TEXTJOIN(",",TRUE,RANDBETWEEN(-1,1),RANDBETWEEN(-1,1)) -> 1,1 | G76: =_xlfn.TEXTJOIN(",",TRUE,RANDBETWEEN(-1,1),RANDBETWEEN(-1,1)) -> 0,-1 | H76: =_xlfn.TEXTJOIN(",",TRUE,RANDBETWEEN(-1,1),RANDBETWEEN(-1,1)) -> 0,-1 | I76: =_xlfn.TEXTJOIN(",",TRUE,RANDBETWEEN(-1,1),RANDBETWEEN(-1,1)) -> 1,-1 | ... AO76: =_xlfn.TEXTJOIN(",",TRUE,RANDBETWEEN(-1,1),RANDBETWEEN(-1,1)) -> -1,-1
A77: 4 | B77: =_xlfn.TEXTJOIN(",",TRUE,RANDBETWEEN(-1,1),RANDBETWEEN(-1,1)) -> 1,0 | C77: =_xlfn.TEXTJOIN(",",TRUE,RANDBETWEEN(-1,1),RANDBETWEEN(-1,1)) -> -1,1 | D77: =_xlfn.TEXTJOIN(",",TRUE,RANDBETWEEN(-1,1),RANDBETWEEN(-1,1)) -> 0,0 | E77: =_xlfn.TEXTJOIN(",",TRUE,RANDBETWEEN(-1,1),RANDBETWEEN(-1,1)) -> 1,-1 | F77: =_xlfn.TEXTJOIN(",",TRUE,RANDBETWEEN(-1,1),RANDBETWEEN(-1,1)) -> -1,1 | G77: =_xlfn.TEXTJOIN(",",TRUE,RANDBETWEEN(-1,1),RANDBETWEEN(-1,1)) -> -1,-1 | H77: =_xlfn.TEXTJOIN(",",TRUE,RANDBETWEEN(-1,1),RANDBETWEEN(-1,1)) -> 0,1 | I77: =_xlfn.TEXTJOIN(",",TRUE,RANDBETWEEN(-1,1),RANDBETWEEN(-1,1)) -> 1,-1 | ... AO77: =_xlfn.TEXTJOIN(",",TRUE,RANDBETWEEN(-1,1),RANDBETWEEN(-1,1)) -> -1,1
A78: 5 | B78: =_xlfn.TEXTJOIN(",",TRUE,RANDBETWEEN(-1,1),RANDBETWEEN(-1,1)) -> -1,-1 | C78: =_xlfn.TEXTJOIN(",",TRUE,RANDBETWEEN(-1,1),RANDBETWEEN(-1,1)) -> 1,1 | D78: =_xlfn.TEXTJOIN(",",TRUE,RANDBETWEEN(-1,1),RANDBETWEEN(-1,1)) -> -1,1 | E78: =_xlfn.TEXTJOIN(",",TRUE,RANDBETWEEN(-1,1),RANDBETWEEN(-1,1)) -> -1,0 | F78: =_xlfn.TEXTJOIN(",",TRUE,RANDBETWEEN(-1,1),RANDBETWEEN(-1,1)) -> 1,1 | G78: =_xlfn.TEXTJOIN(",",TRUE,RANDBETWEEN(-1,1),RANDBETWEEN(-1,1)) -> 0,0 | H78: =_xlfn.TEXTJOIN(",",TRUE,RANDBETWEEN(-1,1),RANDBETWEEN(-1,1)) -> 0,1 | I78: =_xlfn.TEXTJOIN(",",TRUE,RANDBETWEEN(-1,1),RANDBETWEEN(-1,1)) -> 0,-1 | ... AO78: =_xlfn.TEXTJOIN(",",TRUE,RANDBETWEEN(-1,1),RANDBETWEEN(-1,1)) -> -1,-1
A79: 6 | B79: =_xlfn.TEXTJOIN(",",TRUE,RANDBETWEEN(-1,1),RANDBETWEEN(-1,1)) -> -1,-1 | C79: =_xlfn.TEXTJOIN(",",TRUE,RANDBETWEEN(-1,1),RANDBETWEEN(-1,1)) -> -1,1 | D79: =_xlfn.TEXTJOIN(",",TRUE,RANDBETWEEN(-1,1),RANDBETWEEN(-1,1)) -> 0,1 | E79: =_xlfn.TEXTJOIN(",",TRUE,RANDBETWEEN(-1,1),RANDBETWEEN(-1,1)) -> -1,1 | F79: =_xlfn.TEXTJOIN(",",TRUE,RANDBETWEEN(-1,1),RANDBETWEEN(-1,1)) -> 1,0 | G79: =_xlfn.TEXTJOIN(",",TRUE,RANDBETWEEN(-1,1),RANDBETWEEN(-1,1)) -> -1,1 | H79: =_xlfn.TEXTJOIN(",",TRUE,RANDBETWEEN(-1,1),RANDBETWEEN(-1,1)) -> 1,-1 | I79: =_xlfn.TEXTJOIN(",",TRUE,RANDBETWEEN(-1,1),RANDBETWEEN(-1,1)) -> -1,-1 | ... AO79: =_xlfn.TEXTJOIN(",",TRUE,RANDBETWEEN(-1,1),RANDBETWEEN(-1,1)) -> 0,-1
A80: 7 | B80: =_xlfn.TEXTJOIN(",",TRUE,RANDBETWEEN(-1,1),RANDBETWEEN(-1,1)) -> 1,-1 | C80: =_xlfn.TEXTJOIN(",",TRUE,RANDBETWEEN(-1,1),RANDBETWEEN(-1,1)) -> 0,1 | D80: =_xlfn.TEXTJOIN(",",TRUE,RANDBETWEEN(-1,1),RANDBETWEEN(-1,1)) -> 1,-1 | E80: =_xlfn.TEXTJOIN(",",TRUE,RANDBETWEEN(-1,1),RANDBETWEEN(-1,1)) -> 0,1 | F80: =_xlfn.TEXTJOIN(",",TRUE,RANDBETWEEN(-1,1),RANDBETWEEN(-1,1)) -> 1,0 | G80: =_xlfn.TEXTJOIN(",",TRUE,RANDBETWEEN(-1,1),RANDBETWEEN(-1,1)) -> -1,0 | H80: =_xlfn.TEXTJOIN(",",TRUE,RANDBETWEEN(-1,1),RANDBETWEEN(-1,1)) -> -1,-1 | I80: =_xlfn.TEXTJOIN(",",TRUE,RANDBETWEEN(-1,1),RANDBETWEEN(-1,1)) -> 0,-1 | ... AO80: =_xlfn.TEXTJOIN(",",TRUE,RANDBETWEEN(-1,1),RANDBETWEEN(-1,1)) -> -1,0
A81: 8 | B81: =_xlfn.TEXTJOIN(",",TRUE,RANDBETWEEN(-1,1),RANDBETWEEN(-1,1)) -> 0,1 | C81: =_xlfn.TEXTJOIN(",",TRUE,RANDBETWEEN(-1,1),RANDBETWEEN(-1,1)) -> 1,-1 | D81: =_xlfn.TEXTJOIN(",",TRUE,RANDBETWEEN(-1,1),RANDBETWEEN(-1,1)) -> -1,0 | E81: =_xlfn.TEXTJOIN(",",TRUE,RANDBETWEEN(-1,1),RANDBETWEEN(-1,1)) -> 1,0 | F81: =_xlfn.TEXTJOIN(",",TRUE,RANDBETWEEN(-1,1),RANDBETWEEN(-1,1)) -> 1,-1 | G81: =_xlfn.TEXTJOIN(",",TRUE,RANDBETWEEN(-1,1),RANDBETWEEN(-1,1)) -> 1,0 | H81: =_xlfn.TEXTJOIN(",",TRUE,RANDBETWEEN(-1,1),RANDBETWEEN(-1,1)) -> -1,-1 | I81: =_xlfn.TEXTJOIN(",",TRUE,RANDBETWEEN(-1,1),RANDBETWEEN(-1,1)) -> 0,-1 | ... AO81: =_xlfn.TEXTJOIN(",",TRUE,RANDBETWEEN(-1,1),RANDBETWEEN(-1,1)) -> -1,0
A82: 9 | B82: =_xlfn.TEXTJOIN(",",TRUE,RANDBETWEEN(-1,1),RANDBETWEEN(-1,1)) -> 1,0 | C82: =_xlfn.TEXTJOIN(",",TRUE,RANDBETWEEN(-1,1),RANDBETWEEN(-1,1)) -> 1,1 | D82: =_xlfn.TEXTJOIN(",",TRUE,RANDBETWEEN(-1,1),RANDBETWEEN(-1,1)) -> 1,-1 | E82: =_xlfn.TEXTJOIN(",",TRUE,RANDBETWEEN(-1,1),RANDBETWEEN(-1,1)) -> -1,0 | F82: =_xlfn.TEXTJOIN(",",TRUE,RANDBETWEEN(-1,1),RANDBETWEEN(-1,1)) -> 1,-1 | G82: =_xlfn.TEXTJOIN(",",TRUE,RANDBETWEEN(-1,1),RANDBETWEEN(-1,1)) -> -1,1 | H82: =_xlfn.TEXTJOIN(",",TRUE,RANDBETWEEN(-1,1),RANDBETWEEN(-1,1)) -> 0,1 | I82: =_xlfn.TEXTJOIN(",",TRUE,RANDBETWEEN(-1,1),RANDBETWEEN(-1,1)) -> 1,0 | ... AO82: =_xlfn.TEXTJOIN(",",TRUE,RANDBETWEEN(-1,1),RANDBETWEEN(-1,1)) -> 1,1
A83: 10 | B83: =_xlfn.TEXTJOIN(",",TRUE,RANDBETWEEN(-1,1),RANDBETWEEN(-1,1)) -> 0,-1 | C83: =_xlfn.TEXTJOIN(",",TRUE,RANDBETWEEN(-1,1),RANDBETWEEN(-1,1)) -> -1,1 | D83: =_xlfn.TEXTJOIN(",",TRUE,RANDBETWEEN(-1,1),RANDBETWEEN(-1,1)) -> 1,1 | E83: =_xlfn.TEXTJOIN(",",TRUE,RANDBETWEEN(-1,1),RANDBETWEEN(-1,1)) -> 0,0 | F83: =_xlfn.TEXTJOIN(",",TRUE,RANDBETWEEN(-1,1),RANDBETWEEN(-1,1)) -> -1,-1 | G83: =_xlfn.TEXTJOIN(",",TRUE,RANDBETWEEN(-1,1),RANDBETWEEN(-1,1)) -> 1,1 | H83: =_xlfn.TEXTJOIN(",",TRUE,RANDBETWEEN(-1,1),RANDBETWEEN(-1,1)) -> -1,0 | I83: =_xlfn.TEXTJOIN(",",TRUE,RANDBETWEEN(-1,1),RANDBETWEEN(-1,1)) -> -1,-1 | ... AO83: =_xlfn.TEXTJOIN(",",TRUE,RANDBETWEEN(-1,1),RANDBETWEEN(-1,1)) -> -1,0
A84: 11 | B84: =_xlfn.TEXTJOIN(",",TRUE,RANDBETWEEN(-1,1),RANDBETWEEN(-1,1)) -> 0,1 | C84: =_xlfn.TEXTJOIN(",",TRUE,RANDBETWEEN(-1,1),RANDBETWEEN(-1,1)) -> 0,0 | D84: =_xlfn.TEXTJOIN(",",TRUE,RANDBETWEEN(-1,1),RANDBETWEEN(-1,1)) -> 0,0 | E84: =_xlfn.TEXTJOIN(",",TRUE,RANDBETWEEN(-1,1),RANDBETWEEN(-1,1)) -> 1,1 | F84: =_xlfn.TEXTJOIN(",",TRUE,RANDBETWEEN(-1,1),RANDBETWEEN(-1,1)) -> -1,1 | G84: =_xlfn.TEXTJOIN(",",TRUE,RANDBETWEEN(-1,1),RANDBETWEEN(-1,1)) -> -1,0 | H84: =_xlfn.TEXTJOIN(",",TRUE,RANDBETWEEN(-1,1),RANDBETWEEN(-1,1)) -> 1,-1 | I84: =_xlfn.TEXTJOIN(",",TRUE,RANDBETWEEN(-1,1),RANDBETWEEN(-1,1)) -> 1,1 | ... AO84: =_xlfn.TEXTJOIN(",",TRUE,RANDBETWEEN(-1,1),RANDBETWEEN(-1,1)) -> 0,1
A85: 12 | B85: =_xlfn.TEXTJOIN(",",TRUE,RANDBETWEEN(-1,1),RANDBETWEEN(-1,1)) -> -1,1 | C85: =_xlfn.TEXTJOIN(",",TRUE,RANDBETWEEN(-1,1),RANDBETWEEN(-1,1)) -> 0,-1 | D85: =_xlfn.TEXTJOIN(",",TRUE,RANDBETWEEN(-1,1),RANDBETWEEN(-1,1)) -> 1,1 | E85: =_xlfn.TEXTJOIN(",",TRUE,RANDBETWEEN(-1,1),RANDBETWEEN(-1,1)) -> 0,1 | F85: =_xlfn.TEXTJOIN(",",TRUE,RANDBETWEEN(-1,1),RANDBETWEEN(-1,1)) -> -1,1 | G85: =_xlfn.TEXTJOIN(",",TRUE,RANDBETWEEN(-1,1),RANDBETWEEN(-1,1)) -> 0,-1 | H85: =_xlfn.TEXTJOIN(",",TRUE,RANDBETWEEN(-1,1),RANDBETWEEN(-1,1)) -> -1,0 | I85: =_xlfn.TEXTJOIN(",",TRUE,RANDBETWEEN(-1,1),RANDBETWEEN(-1,1)) -> -1,-1 | ... AO85: =_xlfn.TEXTJOIN(",",TRUE,RANDBETWEEN(-1,1),RANDBETWEEN(-1,1)) -> -1,0
A86: 13 | B86: =_xlfn.TEXTJOIN(",",TRUE,RANDBETWEEN(-1,1),RANDBETWEEN(-1,1)) -> 1,-1 | C86: =_xlfn.TEXTJOIN(",",TRUE,RANDBETWEEN(-1,1),RANDBETWEEN(-1,1)) -> 1,1 | D86: =_xlfn.TEXTJOIN(",",TRUE,RANDBETWEEN(-1,1),RANDBETWEEN(-1,1)) -> 0,-1 | E86: =_xlfn.TEXTJOIN(",",TRUE,RANDBETWEEN(-1,1),RANDBETWEEN(-1,1)) -> -1,1 | F86: =_xlfn.TEXTJOIN(",",TRUE,RANDBETWEEN(-1,1),RANDBETWEEN(-1,1)) -> -1,-1 | G86: =_xlfn.TEXTJOIN(",",TRUE,RANDBETWEEN(-1,1),RANDBETWEEN(-1,1)) -> 1,1 | H86: =_xlfn.TEXTJOIN(",",TRUE,RANDBETWEEN(-1,1),RANDBETWEEN(-1,1)) -> 1,0 | I86: =_xlfn.TEXTJOIN(",",TRUE,RANDBETWEEN(-1,1),RANDBETWEEN(-1,1)) -> 0,1 | ... AO86: =_xlfn.TEXTJOIN(",",TRUE,RANDBETWEEN(-1,1),RANDBETWEEN(-1,1)) -> 0,0
... A112: 39 | B112: =_xlfn.TEXTJOIN(",",TRUE,RANDBETWEEN(-1,1),RANDBETWEEN(-1,1)) -> 1,1 | C112: =_xlfn.TEXTJOIN(",",TRUE,RANDBETWEEN(-1,1),RANDBETWEEN(-1,1)) -> 1,-1 | D112: =_xlfn.TEXTJOIN(",",TRUE,RANDBETWEEN(-1,1),RANDBETWEEN(-1,1)) -> 1,1 | E112: =_xlfn.TEXTJOIN(",",TRUE,RANDBETWEEN(-1,1),RANDBETWEEN(-1,1)) -> -1,0 | F112: =_xlfn.TEXTJOIN(",",TRUE,RANDBETWEEN(-1,1),RANDBETWEEN(-1,1)) -> 1,1 | G112: =_xlfn.TEXTJOIN(",",TRUE,RANDBETWEEN(-1,1),RANDBETWEEN(-1,1)) -> 0,1 | H112: =_xlfn.TEXTJOIN(",",TRUE,RANDBETWEEN(-1,1),RANDBETWEEN(-1,1)) -> -1,-1 | I112: =_xlfn.TEXTJOIN(",",TRUE,RANDBETWEEN(-1,1),RANDBETWEEN(-1,1)) -> 0,-1 | ... AO112: =_xlfn.TEXTJOIN(",",TRUE,RANDBETWEEN(-1,1),RANDBETWEEN(-1,1)) -> -1,-1
A113: 40 | B113: =_xlfn.TEXTJOIN(",",FALSE,"",RANDBETWEEN(-1,1)) -> ,0 | C113: =_xlfn.TEXTJOIN(",",FALSE,"",RANDBETWEEN(-1,1)) -> ,1 | D113: =_xlfn.TEXTJOIN(",",FALSE,"",RANDBETWEEN(-1,1)) -> ,0 | E113: =_xlfn.TEXTJOIN(",",FALSE,"",RANDBETWEEN(-1,1)) -> ,-1 | F113: =_xlfn.TEXTJOIN(",",FALSE,"",RANDBETWEEN(-1,1)) -> ,-1 | G113: =_xlfn.TEXTJOIN(",",FALSE,"",RANDBETWEEN(-1,1)) -> ,1 | H113: =_xlfn.TEXTJOIN(",",FALSE,"",RANDBETWEEN(-1,1)) -> ,1 | I113: =_xlfn.TEXTJOIN(",",FALSE,"",RANDBETWEEN(-1,1)) -> ,-1 | ... AO113: =_xlfn.TEXTJOIN(",",FALSE,"",RANDBETWEEN(-1,1)) -> ,-1
A116: 40 | B116: 1 | C116: 2 | D116: 3 | E116: 4 | F116: 5 | G116: 6 | H116: 7 | I116: 8 | J116: 9 | K116: 10 | L116: 11 | M116: 12 | N116: 13 | O116: 14 | P116: 15 | Q116: 16 | R116: 17 | S116: 18 | T116: 19 | U116: 20 | V116: 21 | W116: 22 | X116: 23 | Y116: 24 | Z116: 25 | AA116: 26 | AB116: 27 | AC116: 28 | AD116: 29 | AE116: 30 | AF116: 31 | AG116: 32 | AH116: 33 | AI116: 34 | AJ116: 35 | AK116: 36 | AL116: 37 | AM116: 38 | AN116: 39 | AO116: 40
A117: 1 | B117: =_xlfn.TEXTJOIN(",",FALSE,"",RANDBETWEEN(-1,1)) -> ,0 | C117: =_xlfn.TEXTJOIN(",",FALSE,"",RANDBETWEEN(-1,1)) -> ,1 | D117: =_xlfn.TEXTJOIN(",",FALSE,"",RANDBETWEEN(-1,1)) -> ,1 | E117: =_xlfn.TEXTJOIN(",",FALSE,"",RANDBETWEEN(-1,1)) -> ,0 | F117: =_xlfn.TEXTJOIN(",",FALSE,"",RANDBETWEEN(-1,1)) -> ,-1 | G117: =_xlfn.TEXTJOIN(",",FALSE,"",RANDBETWEEN(-1,1)) -> ,0 | H117: =_xlfn.TEXTJOIN(",",FALSE,"",RANDBETWEEN(-1,1)) -> ,-1 | I117: =_xlfn.TEXTJOIN(",",FALSE,"",RANDBETWEEN(-1,1)) -> ,1 | ... AO117: =_xlfn.TEXTJOIN(",",FALSE,"",RANDBETWEEN(-1,1)) -> ,1
A118: 2 | B118: =_xlfn.TEXTJOIN(",",TRUE,RANDBETWEEN(-1,1),RANDBETWEEN(-1,1)) -> 0,1 | C118: =_xlfn.TEXTJOIN(",",TRUE,RANDBETWEEN(-1,1),RANDBETWEEN(-1,1)) -> 1,-1 | D118: =_xlfn.TEXTJOIN(",",TRUE,RANDBETWEEN(-1,1),RANDBETWEEN(-1,1)) -> -1,0 | E118: =_xlfn.TEXTJOIN(",",TRUE,RANDBETWEEN(-1,1),RANDBETWEEN(-1,1)) -> 0,1 | F118: =_xlfn.TEXTJOIN(",",TRUE,RANDBETWEEN(-1,1),RANDBETWEEN(-1,1)) -> -1,0 | G118: =_xlfn.TEXTJOIN(",",TRUE,RANDBETWEEN(-1,1),RANDBETWEEN(-1,1)) -> 1,1 | H118: =_xlfn.TEXTJOIN(",",TRUE,RANDBETWEEN(-1,1),RANDBETWEEN(-1,1)) -> -1,-1 | I118: =_xlfn.TEXTJOIN(",",TRUE,RANDBETWEEN(-1,1),RANDBETWEEN(-1,1)) -> -1,1 | ... AO118: =_xlfn.TEXTJOIN(",",TRUE,RANDBETWEEN(-1,1),RANDBETWEEN(-1,1)) -> 1,-1
A119: 3 | B119: =_xlfn.TEXTJOIN(",",TRUE,RANDBETWEEN(-1,1),RANDBETWEEN(-1,1)) -> 0,1 | C119: =_xlfn.TEXTJOIN(",",TRUE,RANDBETWEEN(-1,1),RANDBETWEEN(-1,1)) -> 0,0 | D119: =_xlfn.TEXTJOIN(",",TRUE,RANDBETWEEN(-1,1),RANDBETWEEN(-1,1)) -> -1,-1 | E119: =_xlfn.TEXTJOIN(",",TRUE,RANDBETWEEN(-1,1),RANDBETWEEN(-1,1)) -> 1,-1 | F119: =_xlfn.TEXTJOIN(",",TRUE,RANDBETWEEN(-1,1),RANDBETWEEN(-1,1)) -> -1,0 | G119: =_xlfn.TEXTJOIN(",",TRUE,RANDBETWEEN(-1,1),RANDBETWEEN(-1,1)) -> 1,1 | H119: =_xlfn.TEXTJOIN(",",TRUE,RANDBETWEEN(-1,1),RANDBETWEEN(-1,1)) -> -1,1 | I119: =_xlfn.TEXTJOIN(",",TRUE,RANDBETWEEN(-1,1),RANDBETWEEN(-1,1)) -> 1,-1 | ... AO119: =_xlfn.TEXTJOIN(",",TRUE,RANDBETWEEN(-1,1),RANDBETWEEN(-1,1)) -> 1,0
A120: 4 | B120: =_xlfn.TEXTJOIN(",",TRUE,RANDBETWEEN(-1,1),RANDBETWEEN(-1,1)) -> 0,-1 | C120: =_xlfn.TEXTJOIN(",",TRUE,RANDBETWEEN(-1,1),RANDBETWEEN(-1,1)) -> 0,1 | D120: =_xlfn.TEXTJOIN(",",TRUE,RANDBETWEEN(-1,1),RANDBETWEEN(-1,1)) -> 0,0 | E120: =_xlfn.TEXTJOIN(",",TRUE,RANDBETWEEN(-1,1),RANDBETWEEN(-1,1)) -> 0,-1 | F120: =_xlfn.TEXTJOIN(",",TRUE,RANDBETWEEN(-1,1),RANDBETWEEN(-1,1)) -> 1,0 | G120: =_xlfn.TEXTJOIN(",",TRUE,RANDBETWEEN(-1,1),RANDBETWEEN(-1,1)) -> 0,-1 | H120: =_xlfn.TEXTJOIN(",",TRUE,RANDBETWEEN(-1,1),RANDBETWEEN(-1,1)) -> 0,0 | I120: =_xlfn.TEXTJOIN(",",TRUE,RANDBETWEEN(-1,1),RANDBETWEEN(-1,1)) -> -1,1 | ... AO120: =_xlfn.TEXTJOIN(",",TRUE,RANDBETWEEN(-1,1),RANDBETWEEN(-1,1)) -> 0,1
A121: 5 | B121: =_xlfn.TEXTJOIN(",",TRUE,RANDBETWEEN(-1,1),RANDBETWEEN(-1,1)) -> 0,0 | C121: =_xlfn.TEXTJOIN(",",TRUE,RANDBETWEEN(-1,1),RANDBETWEEN(-1,1)) -> -1,1 | D121: =_xlfn.TEXTJOIN(",",TRUE,RANDBETWEEN(-1,1),RANDBETWEEN(-1,1)) -> -1,0 | E121: =_xlfn.TEXTJOIN(",",TRUE,RANDBETWEEN(-1,1),RANDBETWEEN(-1,1)) -> 1,1 | F121: =_xlfn.TEXTJOIN(",",TRUE,RANDBETWEEN(-1,1),RANDBETWEEN(-1,1)) -> 1,0 | G121: =_xlfn.TEXTJOIN(",",TRUE,RANDBETWEEN(-1,1),RANDBETWEEN(-1,1)) -> 1,0 | H121: =_xlfn.TEXTJOIN(",",TRUE,RANDBETWEEN(-1,1),RANDBETWEEN(-1,1)) -> 1,1 | I121: =_xlfn.TEXTJOIN(",",TRUE,RANDBETWEEN(-1,1),RANDBETWEEN(-1,1)) -> 0,1 | ... AO121: =_xlfn.TEXTJOIN(",",TRUE,RANDBETWEEN(-1,1),RANDBETWEEN(-1,1)) -> 1,1
A122: 6 | B122: =_xlfn.TEXTJOIN(",",TRUE,RANDBETWEEN(-1,1),RANDBETWEEN(-1,1)) -> 0,0 | C122: =_xlfn.TEXTJOIN(",",TRUE,RANDBETWEEN(-1,1),RANDBETWEEN(-1,1)) -> -1,0 | D122: =_xlfn.TEXTJOIN(",",TRUE,RANDBETWEEN(-1,1),RANDBETWEEN(-1,1)) -> -1,-1 | E122: =_xlfn.TEXTJOIN(",",TRUE,RANDBETWEEN(-1,1),RANDBETWEEN(-1,1)) -> 0,-1 | F122: =_xlfn.TEXTJOIN(",",TRUE,RANDBETWEEN(-1,1),RANDBETWEEN(-1,1)) -> -1,1 | G122: =_xlfn.TEXTJOIN(",",TRUE,RANDBETWEEN(-1,1),RANDBETWEEN(-1,1)) -> -1,0 | H122: =_xlfn.TEXTJOIN(",",TRUE,RANDBETWEEN(-1,1),RANDBETWEEN(-1,1)) -> 1,0 | I122: =_xlfn.TEXTJOIN(",",TRUE,RANDBETWEEN(-1,1),RANDBETWEEN(-1,1)) -> 0,1 | ... AO122: =_xlfn.TEXTJOIN(",",TRUE,RANDBETWEEN(-1,1),RANDBETWEEN(-1,1)) -> -1,-1
A123: 7 | B123: =_xlfn.TEXTJOIN(",",TRUE,RANDBETWEEN(-1,1),RANDBETWEEN(-1,1)) -> -1,1 | C123: =_xlfn.TEXTJOIN(",",TRUE,RANDBETWEEN(-1,1),RANDBETWEEN(-1,1)) -> 1,-1 | D123: =_xlfn.TEXTJOIN(",",TRUE,RANDBETWEEN(-1,1),RANDBETWEEN(-1,1)) -> 0,-1 | E123: =_xlfn.TEXTJOIN(",",TRUE,RANDBETWEEN(-1,1),RANDBETWEEN(-1,1)) -> 1,0 | F123: =_xlfn.TEXTJOIN(",",TRUE,RANDBETWEEN(-1,1),RANDBETWEEN(-1,1)) -> -1,1 | G123: =_xlfn.TEXTJOIN(",",TRUE,RANDBETWEEN(-1,1),RANDBETWEEN(-1,1)) -> -1,0 | H123: =_xlfn.TEXTJOIN(",",TRUE,RANDBETWEEN(-1,1),RANDBETWEEN(-1,1)) -> -1,-1 | I123: =_xlfn.TEXTJOIN(",",TRUE,RANDBETWEEN(-1,1),RANDBETWEEN(-1,1)) -> 1,-1 | ... AO123: =_xlfn.TEXTJOIN(",",TRUE,RANDBETWEEN(-1,1),RANDBETWEEN(-1,1)) -> 1,-1
A124: 8 | B124: =_xlfn.TEXTJOIN(",",TRUE,RANDBETWEEN(-1,1),RANDBETWEEN(-1,1)) -> 0,-1 | C124: =_xlfn.TEXTJOIN(",",TRUE,RANDBETWEEN(-1,1),RANDBETWEEN(-1,1)) -> -1,0 | D124: =_xlfn.TEXTJOIN(",",TRUE,RANDBETWEEN(-1,1),RANDBETWEEN(-1,1)) -> 1,-1 | E124: =_xlfn.TEXTJOIN(",",TRUE,RANDBETWEEN(-1,1),RANDBETWEEN(-1,1)) -> 0,-1 | F124: =_xlfn.TEXTJOIN(",",TRUE,RANDBETWEEN(-1,1),RANDBETWEEN(-1,1)) -> 0,-1 | G124: =_xlfn.TEXTJOIN(",",TRUE,RANDBETWEEN(-1,1),RANDBETWEEN(-1,1)) -> 1,1 | H124: =_xlfn.TEXTJOIN(",",TRUE,RANDBETWEEN(-1,1),RANDBETWEEN(-1,1)) -> 0,1 | I124: =_xlfn.TEXTJOIN(",",TRUE,RANDBETWEEN(-1,1),RANDBETWEEN(-1,1)) -> 0,0 | ... AO124: =_xlfn.TEXTJOIN(",",TRUE,RANDBETWEEN(-1,1),RANDBETWEEN(-1,1)) -> 0,0
A125: 9 | B125: =_xlfn.TEXTJOIN(",",TRUE,RANDBETWEEN(-1,1),RANDBETWEEN(-1,1)) -> 0,0 | C125: =_xlfn.TEXTJOIN(",",TRUE,RANDBETWEEN(-1,1),RANDBETWEEN(-1,1)) -> 1,1 | D125: =_xlfn.TEXTJOIN(",",TRUE,RANDBETWEEN(-1,1),RANDBETWEEN(-1,1)) -> -1,1 | E125: =_xlfn.TEXTJOIN(",",TRUE,RANDBETWEEN(-1,1),RANDBETWEEN(-1,1)) -> 0,1 | F125: =_xlfn.TEXTJOIN(",",TRUE,RANDBETWEEN(-1,1),RANDBETWEEN(-1,1)) -> 0,-1 | G125: =_xlfn.TEXTJOIN(",",TRUE,RANDBETWEEN(-1,1),RANDBETWEEN(-1,1)) -> 1,0 | H125: =_xlfn.TEXTJOIN(",",TRUE,RANDBETWEEN(-1,1),RANDBETWEEN(-1,1)) -> -1,0 | I125: =_xlfn.TEXTJOIN(",",TRUE,RANDBETWEEN(-1,1),RANDBETWEEN(-1,1)) -> 0,0 | ... AO125: =_xlfn.TEXTJOIN(",",TRUE,RANDBETWEEN(-1,1),RANDBETWEEN(-1,1)) -> -1,0
A126: 10 | B126: =_xlfn.TEXTJOIN(",",TRUE,RANDBETWEEN(-1,1),RANDBETWEEN(-1,1)) -> -1,-1 | C126: =_xlfn.TEXTJOIN(",",TRUE,RANDBETWEEN(-1,1),RANDBETWEEN(-1,1)) -> -1,0 | D126: =_xlfn.TEXTJOIN(",",TRUE,RANDBETWEEN(-1,1),RANDBETWEEN(-1,1)) -> 0,0 | E126: =_xlfn.TEXTJOIN(",",TRUE,RANDBETWEEN(-1,1),RANDBETWEEN(-1,1)) -> 0,-1 | F126: =_xlfn.TEXTJOIN(",",TRUE,RANDBETWEEN(-1,1),RANDBETWEEN(-1,1)) -> 0,-1 | G126: =_xlfn.TEXTJOIN(",",TRUE,RANDBETWEEN(-1,1),RANDBETWEEN(-1,1)) -> 0,-1 | H126: =_xlfn.TEXTJOIN(",",TRUE,RANDBETWEEN(-1,1),RANDBETWEEN(-1,1)) -> 0,-1 | I126: =_xlfn.TEXTJOIN(",",TRUE,RANDBETWEEN(-1,1),RANDBETWEEN(-1,1)) -> 1,0 | ... AO126: =_xlfn.TEXTJOIN(",",TRUE,RANDBETWEEN(-1,1),RANDBETWEEN(-1,1)) -> -1,1
A127: 11 | B127: =_xlfn.TEXTJOIN(",",TRUE,RANDBETWEEN(-1,1),RANDBETWEEN(-1,1)) -> -1,-1 | C127: =_xlfn.TEXTJOIN(",",TRUE,RANDBETWEEN(-1,1),RANDBETWEEN(-1,1)) -> -1,1 | D127: =_xlfn.TEXTJOIN(",",TRUE,RANDBETWEEN(-1,1),RANDBETWEEN(-1,1)) -> 1,-1 | E127: =_xlfn.TEXTJOIN(",",TRUE,RANDBETWEEN(-1,1),RANDBETWEEN(-1,1)) -> 1,1 | F127: =_xlfn.TEXTJOIN(",",TRUE,RANDBETWEEN(-1,1),RANDBETWEEN(-1,1)) -> -1,0 | G127: =_xlfn.TEXTJOIN(",",TRUE,RANDBETWEEN(-1,1),RANDBETWEEN(-1,1)) -> 1,-1 | H127: =_xlfn.TEXTJOIN(",",TRUE,RANDBETWEEN(-1,1),RANDBETWEEN(-1,1)) -> 0,1 | I127: =_xlfn.TEXTJOIN(",",TRUE,RANDBETWEEN(-1,1),RANDBETWEEN(-1,1)) -> -1,-1 | ... AO127: =_xlfn.TEXTJOIN(",",TRUE,RANDBETWEEN(-1,1),RANDBETWEEN(-1,1)) -> 1,1
A128: 12 | B128: =_xlfn.TEXTJOIN(",",TRUE,RANDBETWEEN(-1,1),RANDBETWEEN(-1,1)) -> 0,0 | C128: =_xlfn.TEXTJOIN(",",TRUE,RANDBETWEEN(-1,1),RANDBETWEEN(-1,1)) -> -1,0 | D128: =_xlfn.TEXTJOIN(",",TRUE,RANDBETWEEN(-1,1),RANDBETWEEN(-1,1)) -> 1,-1 | E128: =_xlfn.TEXTJOIN(",",TRUE,RANDBETWEEN(-1,1),RANDBETWEEN(-1,1)) -> -1,0 | F128: =_xlfn.TEXTJOIN(",",TRUE,RANDBETWEEN(-1,1),RANDBETWEEN(-1,1)) -> 1,-1 | G128: =_xlfn.TEXTJOIN(",",TRUE,RANDBETWEEN(-1,1),RANDBETWEEN(-1,1)) -> 0,1 | H128: =_xlfn.TEXTJOIN(",",TRUE,RANDBETWEEN(-1,1),RANDBETWEEN(-1,1)) -> 1,1 | I128: =_xlfn.TEXTJOIN(",",TRUE,RANDBETWEEN(-1,1),RANDBETWEEN(-1,1)) -> 1,0 | ... AO128: =_xlfn.TEXTJOIN(",",TRUE,RANDBETWEEN(-1,1),RANDBETWEEN(-1,1)) -> 1,0
A129: 13 | B129: =_xlfn.TEXTJOIN(",",TRUE,RANDBETWEEN(-1,1),RANDBETWEEN(-1,1)) -> 0,-1 | C129: =_xlfn.TEXTJOIN(",",TRUE,RANDBETWEEN(-1,1),RANDBETWEEN(-1,1)) -> 0,-1 | D129: =_xlfn.TEXTJOIN(",",TRUE,RANDBETWEEN(-1,1),RANDBETWEEN(-1,1)) -> 1,1 | E129: =_xlfn.TEXTJOIN(",",TRUE,RANDBETWEEN(-1,1),RANDBETWEEN(-1,1)) -> 0,0 | F129: =_xlfn.TEXTJOIN(",",TRUE,RANDBETWEEN(-1,1),RANDBETWEEN(-1,1)) -> -1,1 | G129: =_xlfn.TEXTJOIN(",",TRUE,RANDBETWEEN(-1,1),RANDBETWEEN(-1,1)) -> 1,-1 | H129: =_xlfn.TEXTJOIN(",",TRUE,RANDBETWEEN(-1,1),RANDBETWEEN(-1,1)) -> 1,-1 | I129: =_xlfn.TEXTJOIN(",",TRUE,RANDBETWEEN(-1,1),RANDBETWEEN(-1,1)) -> 0,0 | ... AO129: =_xlfn.TEXTJOIN(",",TRUE,RANDBETWEEN(-1,1),RANDBETWEEN(-1,1)) -> -1,-1
... A155: 39 | B155: =_xlfn.TEXTJOIN(",",TRUE,RANDBETWEEN(-1,1),RANDBETWEEN(-1,1)) -> 0,1 | C155: =_xlfn.TEXTJOIN(",",TRUE,RANDBETWEEN(-1,1),RANDBETWEEN(-1,1)) -> 1,1 | D155: =_xlfn.TEXTJOIN(",",TRUE,RANDBETWEEN(-1,1),RANDBETWEEN(-1,1)) -> -1,-1 | E155: =_xlfn.TEXTJOIN(",",TRUE,RANDBETWEEN(-1,1),RANDBETWEEN(-1,1)) -> 0,0 | F155: =_xlfn.TEXTJOIN(",",TRUE,RANDBETWEEN(-1,1),RANDBETWEEN(-1,1)) -> 1,1 | G155: =_xlfn.TEXTJOIN(",",TRUE,RANDBETWEEN(-1,1),RANDBETWEEN(-1,1)) -> -1,-1 | H155: =_xlfn.TEXTJOIN(",",TRUE,RANDBETWEEN(-1,1),RANDBETWEEN(-1,1)) -> -1,0 | I155: =_xlfn.TEXTJOIN(",",TRUE,RANDBETWEEN(-1,1),RANDBETWEEN(-1,1)) -> 0,0 | ... AO155: =_xlfn.TEXTJOIN(",",TRUE,RANDBETWEEN(-1,1),RANDBETWEEN(-1,1)) -> -1,-1
A156: 40 | B156: =_xlfn.TEXTJOIN(",",FALSE,"",RANDBETWEEN(-1,1)) -> ,-1 | C156: =_xlfn.TEXTJOIN(",",FALSE,"",RANDBETWEEN(-1,1)) -> ,0 | D156: =_xlfn.TEXTJOIN(",",FALSE,"",RANDBETWEEN(-1,1)) -> ,1 | E156: =_xlfn.TEXTJOIN(",",FALSE,"",RANDBETWEEN(-1,1)) -> ,0 | F156: =_xlfn.TEXTJOIN(",",FALSE,"",RANDBETWEEN(-1,1)) -> ,0 | G156: =_xlfn.TEXTJOIN(",",FALSE,"",RANDBETWEEN(-1,1)) -> ,1 | H156: =_xlfn.TEXTJOIN(",",FALSE,"",RANDBETWEEN(-1,1)) -> ,-1 | I156: =_xlfn.TEXTJOIN(",",FALSE,"",RANDBETWEEN(-1,1)) -> ,1 | ... AO156: =_xlfn.TEXTJOIN(",",FALSE,"",RANDBETWEEN(-1,1)) -> ,-1

Sheet Map 2 Dont Touch
A1: 1 | B1: ⤴ | G1: 1 | H1: 1 | I1: 1 | J1: 1 | K1: 1 | L1: 1 | M1: 1 | N1: 1
A2: 2 | B2: ↪ | G2: 1 | H2: 2 | I2: 3 | J2: 4 | K2: 5 | L2: 6 | M2: 7 | N2: 8
A3: 3 | B3: ⤵
A4: 0 | B4: ↩
B7: 1 | C7: 2 | D7: 3 | E7: 4 | F7: 5 | G7: 6 | H7: 7 | I7: 8 | J7: 9 | K7: 10 | L7: 11 | M7: 12 | N7: 13 | O7: 14 | P7: 15 | Q7: 16 | R7: 17 | S7: 18 | T7: 19 | U7: 20 | V7: 21 | W7: 22 | X7: 23 | Y7: 24 | Z7: 25 | AA7: 26 | AB7: 27 | AC7: 28 | AD7: 29 | AE7: 30 | AF7: 31 | AG7: 32 | AH7: 33 | AI7: 34 | AJ7: 35 | AK7: 36 | AL7: 37 | AM7: 38 | AN7: 39 | AO7: 40
A8: 1 | B8: ='Map 1'!B19 -> 6 | C8: ='Map 1'!C19 -> 2 | D8: ='Map 1'!D19 -> 2 | E8: ='Map 1'!E19 -> 2 | F8: ='Map 1'!F19 -> 6 | G8: ='Map 1'!G19 -> 5 | H8: ='Map 1'!H19 -> 5 | I8: ='Map 1'!I19 -> 5 | ... AO8: ='Map 1'!AO19 -> 2
A9: 2 | B9: ='Map 1'!B20 -> 2 | C9: ='Map 1'!C20 -> 2 | D9: ='Map 1'!D20 -> 2 | E9: ='Map 1'!E20 -> 2 | F9: ='Map 1'!F20 -> 2 | G9: ='Map 1'!G20 -> 5 | H9: ='Map 1'!H20 -> 5 | I9: ='Map 1'!I20 -> 5 | ... AO9: ='Map 1'!AO20 -> 2
A10: 3 | B10: ='Map 1'!B21 -> 6 | C10: ='Map 1'!C21 -> 2 | D10: ='Map 1'!D21 -> 2 | E10: ='Map 1'!E21 -> 2 | F10: ='Map 1'!F21 -> 6 | G10: ='Map 1'!G21 -> 5 | H10: ='Map 1'!H21 -> 5 | I10: ='Map 1'!I21 -> 5 | ... AO10: ='Map 1'!AO21 -> 6
A11: 4 | B11: ='Map 1'!B22 -> 6 | C11: ='Map 1'!C22 -> 2 | D11: ='Map 1'!D22 -> 2 | E11: ='Map 1'!E22 -> 6 | F11: ='Map 1'!F22 -> 6 | G11: ='Map 1'!G22 -> 6 | H11: ='Map 1'!H22 -> 5 | I11: ='Map 1'!I22 -> 5 | ... AO11: ='Map 1'!AO22 -> 2
A12: 5 | B12: ='Map 1'!B23 -> 6 | C12: ='Map 1'!C23 -> 6 | D12: ='Map 1'!D23 -> 2 | E12: ='Map 1'!E23 -> 1 | F12: ='Map 1'!F23 -> 5 | G12: ='Map 1'!G23 -> 8 | H12: ='Map 1'!H23 -> 8 | I12: ='Map 1'!I23 -> 5 | ... AO12: ='Map 1'!AO23 -> 5
A13: 6 | B13: ='Map 1'!B24 -> 1 | C13: ='Map 1'!C24 -> 6 | D13: ='Map 1'!D24 -> 6 | E13: ='Map 1'!E24 -> 5 | F13: ='Map 1'!F24 -> 5 | G13: ='Map 1'!G24 -> 5 | H13: ='Map 1'!H24 -> 8 | I13: ='Map 1'!I24 -> 8 | ... AO13: ='Map 1'!AO24 -> 2
A14: 7 | B14: ='Map 1'!B25 -> 1 | C14: ='Map 1'!C25 -> 5 | D14: ='Map 1'!D25 -> 5 | E14: ='Map 1'!E25 -> 5 | F14: ='Map 1'!F25 -> 8 | G14: ='Map 1'!G25 -> 8 | H14: ='Map 1'!H25 -> 8 | I14: ='Map 1'!I25 -> 8 | ... AO14: ='Map 1'!AO25 -> 1
A15: 8 | B15: ='Map 1'!B26 -> 5 | C15: ='Map 1'!C26 -> 5 | D15: ='Map 1'!D26 -> 5 | E15: ='Map 1'!E26 -> 5 | F15: ='Map 1'!F26 -> 5 | G15: ='Map 1'!G26 -> 8 | H15: ='Map 1'!H26 -> 8 | I15: ='Map 1'!I26 -> 8 | ... AO15: ='Map 1'!AO26 -> 1
A16: 9 | B16: ='Map 1'!B27 -> 5 | C16: ='Map 1'!C27 -> 5 | D16: ='Map 1'!D27 -> 5 | E16: ='Map 1'!E27 -> 5 | F16: ='Map 1'!F27 -> 5 | G16: ='Map 1'!G27 -> 8 | H16: ='Map 1'!H27 -> 8 | I16: ='Map 1'!I27 -> 8 | ... AO16: ='Map 1'!AO27 -> 5
A17: 10 | B17: ='Map 1'!B28 -> 5 | C17: ='Map 1'!C28 -> 5 | D17: ='Map 1'!D28 -> 5 | E17: ='Map 1'!E28 -> 5 | F17: ='Map 1'!F28 -> 5 | G17: ='Map 1'!G28 -> 5 | H17: ='Map 1'!H28 -> 8 | I17: ='Map 1'!I28 -> 7 | ... AO17: ='Map 1'!AO28 -> 5
A18: 11 | B18: ='Map 1'!B29 -> 5 | C18: ='Map 1'!C29 -> 5 | D18: ='Map 1'!D29 -> 6 | E18: ='Map 1'!E29 -> 6 | F18: ='Map 1'!F29 -> 5 | G18: ='Map 1'!G29 -> 6 | H18: ='Map 1'!H29 -> 7 | I18: ='Map 1'!I29 -> 8 | ... AO18: ='Map 1'!AO29 -> 6
A19: 12 | B19: ='Map 1'!B30 -> 6 | C19: ='Map 1'!C30 -> 6 | D19: ='Map 1'!D30 -> 6 | E19: ='Map 1'!E30 -> 6 | F19: ='Map 1'!F30 -> 6 | G19: ='Map 1'!G30 -> 7 | H19: ='Map 1'!H30 -> 7 | I19: ='Map 1'!I30 -> 7 | ... AO19: ='Map 1'!AO30 -> 5
... A47: 40 | B47: ='Map 1'!B58 -> 7 | C47: ='Map 1'!C58 -> 5 | D47: ='Map 1'!D58 -> 5 | E47: ='Map 1'!E58 -> 5 | F47: ='Map 1'!F58 -> 5 | G47: ='Map 1'!G58 -> 3 | H47: ='Map 1'!H58 -> 3 | I47: ='Map 1'!I58 -> 3 | ... AO47: ='Map 1'!AO58 -> 7

Sheet Map 2 Do Touch
A1: 1 | B1: ⤴ | G1: 1 | H1: 1 | I1: 1 | J1: 1 | K1: 1 | L1: 1 | M1: 1 | N1: 1
A2: 2 | B2: ↪ | G2: 1 | H2: 2 | I2: 3 | J2: 4 | K2: 5 | L2: 6 | M2: 7 | N2: 8
A3: 3 | B3: ⤵
A4: 0 | B4: ↩
A7: ='Map 2 Dont Touch'!A7 -> 0 | B7: ='Map 2 Dont Touch'!B7 -> 1 | C7: ='Map 2 Dont Touch'!C7 -> 2 | D7: ='Map 2 Dont Touch'!D7 -> 3 | E7: ='Map 2 Dont Touch'!E7 -> 4 | F7: ='Map 2 Dont Touch'!F7 -> 5 | G7: ='Map 2 Dont Touch'!G7 -> 6 | H7: ='Map 2 Dont Touch'!H7 -> 7 | ... AO7: ='Map 2 Dont Touch'!AO7 -> 40
A8: ='Map 2 Dont Touch'!A8 -> 1 | B8: ='Map 2 Dont Touch'!B8 -> 6 | C8: ='Map 2 Dont Touch'!C8 -> 2 | D8: ='Map 2 Dont Touch'!D8 -> 2 | E8: ='Map 2 Dont Touch'!E8 -> 2 | F8: ='Map 2 Dont Touch'!F8 -> 6 | G8: ='Map 2 Dont Touch'!G8 -> 5 | H8: ='Map 2 Dont Touch'!H8 -> 5 | ... AO8: ='Map 2 Dont Touch'!AO8 -> 2
A9: ='Map 2 Dont Touch'!A9 -> 2 | B9: ='Map 2 Dont Touch'!B9 -> 2 | C9: ='Map 2 Dont Touch'!C9 -> 2 | D9: ='Map 2 Dont Touch'!D9 -> 2 | E9: ='Map 2 Dont Touch'!E9 -> 2 | F9: ='Map 2 Dont Touch'!F9 -> 2 | G9: ='Map 2 Dont Touch'!G9 -> 5 | H9: ='Map 2 Dont Touch'!H9 -> 5 | ... AO9: ='Map 2 Dont Touch'!AO9 -> 2
A10: ='Map 2 Dont Touch'!A10 -> 3 | B10: ='Map 2 Dont Touch'!B10 -> 6 | C10: ='Map 2 Dont Touch'!C10 -> 2 | D10: ='Map 2 Dont Touch'!D10 -> 2 | E10: ='Map 2 Dont Touch'!E10 -> 2 | F10: ='Map 2 Dont Touch'!F10 -> 6 | G10: ='Map 2 Dont Touch'!G10 -> 5 | H10: ='Map 2 Dont Touch'!H10 -> 5 | ... AO10: ='Map 2 Dont Touch'!AO10 -> 6
A11: ='Map 2 Dont Touch'!A11 -> 4 | B11: ='Map 2 Dont Touch'!B11 -> 6 | C11: ='Map 2 Dont Touch'!C11 -> 2 | D11: ='Map 2 Dont Touch'!D11 -> 2 | E11: ='Map 2 Dont Touch'!E11 -> 6 | F11: ='Map 2 Dont Touch'!F11 -> 6 | G11: ='Map 2 Dont Touch'!G11 -> 6 | H11: ='Map 2 Dont Touch'!H11 -> 5 | ... AO11: ='Map 2 Dont Touch'!AO11 -> 2
A12: ='Map 2 Dont Touch'!A12 -> 5 | B12: ='Map 2 Dont Touch'!B12 -> 6 | C12: ='Map 2 Dont Touch'!C12 -> 6 | D12: ='Map 2 Dont Touch'!D12 -> 2 | E12: ='Map 2 Dont Touch'!E12 -> 1 | F12: ='Map 2 Dont Touch'!F12 -> 5 | G12: ='Map 2 Dont Touch'!G12 -> 8 | H12: ='Map 2 Dont Touch'!H12 -> 8 | ... AO12: ='Map 2 Dont Touch'!AO12 -> 5
A13: ='Map 2 Dont Touch'!A13 -> 6 | B13: ='Map 2 Dont Touch'!B13 -> 1 | C13: ='Map 2 Dont Touch'!C13 -> 6 | D13: ='Map 2 Dont Touch'!D13 -> 6 | E13: ='Map 2 Dont Touch'!E13 -> 5 | F13: ='Map 2 Dont Touch'!F13 -> 5 | G13: ='Map 2 Dont Touch'!G13 -> 5 | H13: ='Map 2 Dont Touch'!H13 -> 8 | ... AO13: ='Map 2 Dont Touch'!AO13 -> 2
A14: ='Map 2 Dont Touch'!A14 -> 7 | B14: ='Map 2 Dont Touch'!B14 -> 1 | C14: ='Map 2 Dont Touch'!C14 -> 5 | D14: ='Map 2 Dont Touch'!D14 -> 5 | E14: ='Map 2 Dont Touch'!E14 -> 5 | F14: ='Map 2 Dont Touch'!F14 -> 8 | G14: ='Map 2 Dont Touch'!G14 -> 8 | H14: ='Map 2 Dont Touch'!H14 -> 8 | ... AO14: ='Map 2 Dont Touch'!AO14 -> 1
A15: ='Map 2 Dont Touch'!A15 -> 8 | B15: ='Map 2 Dont Touch'!B15 -> 5 | C15: ='Map 2 Dont Touch'!C15 -> 5 | D15: ='Map 2 Dont Touch'!D15 -> 5 | E15: ='Map 2 Dont Touch'!E15 -> 5 | F15: ='Map 2 Dont Touch'!F15 -> 5 | G15: ='Map 2 Dont Touch'!G15 -> 8 | H15: ='Map 2 Dont Touch'!H15 -> 8 | ... AO15: ='Map 2 Dont Touch'!AO15 -> 1
A16: ='Map 2 Dont Touch'!A16 -> 9 | B16: ='Map 2 Dont Touch'!B16 -> 5 | C16: ='Map 2 Dont Touch'!C16 -> 5 | D16: ='Map 2 Dont Touch'!D16 -> 5 | E16: ='Map 2 Dont Touch'!E16 -> 5 | F16: ='Map 2 Dont Touch'!F16 -> 5 | G16: ='Map 2 Dont Touch'!G16 -> 8 | H16: ='Map 2 Dont Touch'!H16 -> 8 | ... AO16: ='Map 2 Dont Touch'!AO16 -> 5
A17: ='Map 2 Dont Touch'!A17 -> 10 | B17: ='Map 2 Dont Touch'!B17 -> 5 | C17: ='Map 2 Dont Touch'!C17 -> 5 | D17: ='Map 2 Dont Touch'!D17 -> 5 | E17: ='Map 2 Dont Touch'!E17 -> 5 | F17: ='Map 2 Dont Touch'!F17 -> 5 | G17: ='Map 2 Dont Touch'!G17 -> 5 | H17: ='Map 2 Dont Touch'!H17 -> 8 | ... AO17: ='Map 2 Dont Touch'!AO17 -> 5
A18: ='Map 2 Dont Touch'!A18 -> 11 | B18: ='Map 2 Dont Touch'!B18 -> 5 | C18: ='Map 2 Dont Touch'!C18 -> 5 | D18: ='Map 2 Dont Touch'!D18 -> 6 | E18: ='Map 2 Dont Touch'!E18 -> 6 | F18: ='Map 2 Dont Touch'!F18 -> 5 | G18: ='Map 2 Dont Touch'!G18 -> 6 | H18: ='Map 2 Dont Touch'!H18 -> 7 | ... AO18: ='Map 2 Dont Touch'!AO18 -> 6
... A47: ='Map 2 Dont Touch'!A47 -> 40 | B47: ='Map 2 Dont Touch'!B47 -> 7 | C47: ='Map 2 Dont Touch'!C47 -> 5 | D47: ='Map 2 Dont Touch'!D47 -> 5 | E47: ='Map 2 Dont Touch'!E47 -> 5 | F47: ='Map 2 Dont Touch'!F47 -> 5 | G47: ='Map 2 Dont Touch'!G47 -> 3 | H47: ='Map 2 Dont Touch'!H47 -> 3 | ... AO47: ='Map 2 Dont Touch'!AO47 -> 7

Sheet Map 3
A2: 1 | B2: ⤴ | H2: Left | I2: 1 | J2: 2 | K2: 3 | L2: 0 | O2: Up | P2: 1 | Q2: 2 | R2: 3 | S2: 0 | AF2: >4 | AJ2: Else
A3: 2 | B3: ↪ | H3: 1 | I3: Same | J3: Away | K3: Same | L3: Towards | O3: 1 | P3: Same | Q3: Away | R3: Away | S3: Away | AF3: Water | AG3: Land | AH3: Water | AJ3: Land | AK3: Land | AL3: Water
A4: 3 | B4: ⤵ | H4: 2 | I4: Towards | J4: Same | K4: Towards | L4: Towards | O4: 2 | P4: Towards | Q4: Same | R4: Away | S4: Same | AF4: Towards | AG4: Cliff | AH4: Island | AJ4: Towards | AK4: Mountain | AL4: Cliff
A5: 0 | B5: ↩ | H5: 3 | I5: Same | J5: Away | K5: Same | L5: Towards | O5: 3 | P5: Towards | Q5: Towards | R5: Same | S5: Towards | AF5: Away | AG5: Drop Off | AH5: Trench | AJ5: Away | AK5: Valley | AL5: Drop Off
H6: 0 | I6: Away | J6: Away | K6: Away | L6: Same | O6: 0 | P6: Towards | Q6: Same | R6: Away | S6: Same | AF6: Same | AG6: Coast | AH6: Ocean | AJ6: Same | AK6: Flatland | AL6: Coast
B11: 1 | C11: 2 | D11: 3 | E11: 4 | F11: 5 | G11: 6 | H11: 7 | I11: 8 | J11: 9 | K11: 10 | L11: 11 | M11: 12 | N11: 13 | O11: 14 | P11: 15 | Q11: 16 | R11: 17 | S11: 18 | T11: 19 | U11: 20 | V11: 21 | W11: 22 | X11: 23 | Y11: 24 | Z11: 25 | AA11: 26 | AB11: 27 | AC11: 28 | AD11: 29 | AE11: 30 | AF11: 31 | AG11: 32 | AH11: 33 | AI11: 34 | AJ11: 35 | AK11: 36 | AL11: 37 | AM11: 38 | AN11: 39 | AO11: 40 | AS11: jhj
A12: 1 | B12: =IF('Map 2 Do Touch'!B8>4,INDEX($AG$4:$AH$6,MATCH(INDEX($I$3:$L$6,MATCH(MOD('Map 2 Do Touch'!AO8,4),$H$3:$H$6,0),MATCH(MOD('Map 2 Do Touch'!B8,4),$I$2:$L$2,0)),$AF$4:$AF$6,0),MATCH(IF('Map 2 Do Touch'!AO8>4,"Water","Land"),'Map 3'!$AG$3:$AH$3,0)),INDEX($AK$4:$AL$6,MATCH(INDEX($I$3:$L$6,MATCH(MOD('Map 2 Do Touch'!A8,4),$H$3:$H$6,0),MATCH(MOD('Map 2 Do Touch'!B8,4),$I$2:$L$2,0)),'Map 3'!$AJ$4:$AJ$6,0),MATCH(IF('Map 2 Do Touch'!AO8>4,"Water","Land"),'Map 3'!$AK$3:$AL$3,0))) -> Coast | C12: =IF('Map 2 Do Touch'!C8>4,INDEX($AG$4:$AH$6,MATCH(INDEX($I$3:$L$6,MATCH(MOD('Map 2 Do Touch'!B8,4),$H$3:$H$6,0),MATCH(MOD('Map 2 Do Touch'!C8,4),$I$2:$L$2,0)),$AF$4:$AF$6,0),MATCH(IF('Map 2 Do Touch'!B8>4,"Water","Land"),'Map 3'!$AG$3:$AH$3,0)),INDEX($AK$4:$AL$6,MATCH(INDEX($I$3:$L$6,MATCH(MOD('Map 2 Do Touch'!B8,4),$H$3:$H$6,0),MATCH(MOD('Map 2 Do Touch'!C8,4),$I$2:$L$2,0)),'Map 3'!$AJ$4:$AJ$6,0),MATCH(IF('Map 2 Do Touch'!B8>4,"Water","Land"),'Map 3'!$AK$3:$AL$3,0))) -> Coast | D12: =IF('Map 2 Do Touch'!D8>4,INDEX($AG$4:$AH$6,MATCH(INDEX($I$3:$L$6,MATCH(MOD('Map 2 Do Touch'!C8,4),$H$3:$H$6,0),MATCH(MOD('Map 2 Do Touch'!D8,4),$I$2:$L$2,0)),$AF$4:$AF$6,0),MATCH(IF('Map 2 Do Touch'!C8>4,"Water","Land"),'Map 3'!$AG$3:$AH$3,0)),INDEX($AK$4:$AL$6,MATCH(INDEX($I$3:$L$6,MATCH(MOD('Map 2 Do Touch'!C8,4),$H$3:$H$6,0),MATCH(MOD('Map 2 Do Touch'!D8,4),$I$2:$L$2,0)),'Map 3'!$AJ$4:$AJ$6,0),MATCH(IF('Map 2 Do Touch'!C8>4,"Water","Land"),'Map 3'!$AK$3:$AL$3,0))) -> Flatland | E12: =IF('Map 2 Do Touch'!E8>4,INDEX($AG$4:$AH$6,MATCH(INDEX($I$3:$L$6,MATCH(MOD('Map 2 Do Touch'!D8,4),$H$3:$H$6,0),MATCH(MOD('Map 2 Do Touch'!E8,4),$I$2:$L$2,0)),$AF$4:$AF$6,0),MATCH(IF('Map 2 Do Touch'!D8>4,"Water","Land"),'Map 3'!$AG$3:$AH$3,0)),INDEX($AK$4:$AL$6,MATCH(INDEX($I$3:$L$6,MATCH(MOD('Map 2 Do Touch'!D8,4),$H$3:$H$6,0),MATCH(MOD('Map 2 Do Touch'!E8,4),$I$2:$L$2,0)),'Map 3'!$AJ$4:$AJ$6,0),MATCH(IF('Map 2 Do Touch'!D8>4,"Water","Land"),'Map 3'!$AK$3:$AL$3,0))) -> Flatland | F12: =IF('Map 2 Do Touch'!F8>4,INDEX($AG$4:$AH$6,MATCH(INDEX($I$3:$L$6,MATCH(MOD('Map 2 Do Touch'!E8,4),$H$3:$H$6,0),MATCH(MOD('Map 2 Do Touch'!F8,4),$I$2:$L$2,0)),$AF$4:$AF$6,0),MATCH(IF('Map 2 Do Touch'!E8>4,"Water","Land"),'Map 3'!$AG$3:$AH$3,0)),INDEX($AK$4:$AL$6,MATCH(INDEX($I$3:$L$6,MATCH(MOD('Map 2 Do Touch'!E8,4),$H$3:$H$6,0),MATCH(MOD('Map 2 Do Touch'!F8,4),$I$2:$L$2,0)),'Map 3'!$AJ$4:$AJ$6,0),MATCH(IF('Map 2 Do Touch'!E8>4,"Water","Land"),'Map 3'!$AK$3:$AL$3,0))) -> Coast | G12: =IF('Map 2 Do Touch'!G8>4,INDEX($AG$4:$AH$6,MATCH(INDEX($I$3:$L$6,MATCH(MOD('Map 2 Do Touch'!F8,4),$H$3:$H$6,0),MATCH(MOD('Map 2 Do Touch'!G8,4),$I$2:$L$2,0)),$AF$4:$AF$6,0),MATCH(IF('Map 2 Do Touch'!F8>4,"Water","Land"),'Map 3'!$AG$3:$AH$3,0)),INDEX($AK$4:$AL$6,MATCH(INDEX($I$3:$L$6,MATCH(MOD('Map 2 Do Touch'!F8,4),$H$3:$H$6,0),MATCH(MOD('Map 2 Do Touch'!G8,4),$I$2:$L$2,0)),'Map 3'!$AJ$4:$AJ$6,0),MATCH(IF('Map 2 Do Touch'!F8>4,"Water","Land"),'Map 3'!$AK$3:$AL$3,0))) -> Island | H12: =IF('Map 2 Do Touch'!H8>4,INDEX($AG$4:$AH$6,MATCH(INDEX($I$3:$L$6,MATCH(MOD('Map 2 Do Touch'!G8,4),$H$3:$H$6,0),MATCH(MOD('Map 2 Do Touch'!H8,4),$I$2:$L$2,0)),$AF$4:$AF$6,0),MATCH(IF('Map 2 Do Touch'!G8>4,"Water","Land"),'Map 3'!$AG$3:$AH$3,0)),INDEX($AK$4:$AL$6,MATCH(INDEX($I$3:$L$6,MATCH(MOD('Map 2 Do Touch'!G8,4),$H$3:$H$6,0),MATCH(MOD('Map 2 Do Touch'!H8,4),$I$2:$L$2,0)),'Map 3'!$AJ$4:$AJ$6,0),MATCH(IF('Map 2 Do Touch'!G8>4,"Water","Land"),'Map 3'!$AK$3:$AL$3,0))) -> Ocean | I12: =IF('Map 2 Do Touch'!I8>4,INDEX($AG$4:$AH$6,MATCH(INDEX($I$3:$L$6,MATCH(MOD('Map 2 Do Touch'!H8,4),$H$3:$H$6,0),MATCH(MOD('Map 2 Do Touch'!I8,4),$I$2:$L$2,0)),$AF$4:$AF$6,0),MATCH(IF('Map 2 Do Touch'!H8>4,"Water","Land"),'Map 3'!$AG$3:$AH$3,0)),INDEX($AK$4:$AL$6,MATCH(INDEX($I$3:$L$6,MATCH(MOD('Map 2 Do Touch'!H8,4),$H$3:$H$6,0),MATCH(MOD('Map 2 Do Touch'!I8,4),$I$2:$L$2,0)),'Map 3'!$AJ$4:$AJ$6,0),MATCH(IF('Map 2 Do Touch'!H8>4,"Water","Land"),'Map 3'!$AK$3:$AL$3,0))) -> Ocean | J12: =IF('Map 2 Do Touch'!J8>4,INDEX($AG$4:$AH$6,MATCH(INDEX($I$3:$L$6,MATCH(MOD('Map 2 Do Touch'!I8,4),$H$3:$H$6,0),MATCH(MOD('Map 2 Do Touch'!J8,4),$I$2:$L$2,0)),$AF$4:$AF$6,0),MATCH(IF('Map 2 Do Touch'!I8>4,"Water","Land"),'Map 3'!$AG$3:$AH$3,0)),INDEX($AK$4:$AL$6,MATCH(INDEX($I$3:$L$6,MATCH(MOD('Map 2 Do Touch'!I8,4),$H$3:$H$6,0),MATCH(MOD('Map 2 Do Touch'!J8,4),$I$2:$L$2,0)),'Map 3'!$AJ$4:$AJ$6,0),MATCH(IF('Map 2 Do Touch'!I8>4,"Water","Land"),'Map 3'!$AK$3:$AL$3,0))) -> Ocean | ... AO12: =IF('Map 2 Do Touch'!AO8>4,INDEX($AG$4:$AH$6,MATCH(INDEX($I$3:$L$6,MATCH(MOD('Map 2 Do Touch'!AN8,4),$H$3:$H$6,0),MATCH(MOD('Map 2 Do Touch'!AO8,4),$I$2:$L$2,0)),$AF$4:$AF$6,0),MATCH(IF('Map 2 Do Touch'!AN8>4,"Water","Land"),'Map 3'!$AG$3:$AH$3,0)),INDEX($AK$4:$AL$6,MATCH(INDEX($I$3:$L$6,MATCH(MOD('Map 2 Do Touch'!AN8,4),$H$3:$H$6,0),MATCH(MOD('Map 2 Do Touch'!AO8,4),$I$2:$L$2,0)),'Map 3'!$AJ$4:$AJ$6,0),MATCH(IF('Map 2 Do Touch'!AN8>4,"Water","Land"),'Map 3'!$AK$3:$AL$3,0))) -> Coast
A13: 2 | B13: =IF('Map 2 Do Touch'!B8<>'Map 2 Do Touch'!B9,IF('Map 2 Do Touch'!B9>4,INDEX($AG$4:$AH$6,MATCH(INDEX($I$3:$L$6,MATCH(MOD('Map 2 Do Touch'!AO9,4),$H$3:$H$6,0),MATCH(MOD('Map 2 Do Touch'!B9,4),$I$2:$L$2,0)),$AF$4:$AF$6,0),MATCH(IF('Map 2 Do Touch'!AO9>4,"Water","Land"),'Map 3'!$AG$3:$AH$3,0)),INDEX($AK$4:$AL$6,MATCH(INDEX($I$3:$L$6,MATCH(MOD('Map 2 Do Touch'!A9,4),$H$3:$H$6,0),MATCH(MOD('Map 2 Do Touch'!B9,4),$I$2:$L$2,0)),'Map 3'!$AJ$4:$AJ$6,0),MATCH(IF('Map 2 Do Touch'!AO9>4,"Water","Land"),'Map 3'!$AK$3:$AL$3,0))),IF('Map 2 Do Touch'!B9>4,INDEX($AG$4:$AH$6,MATCH(INDEX($P$3:$S$6,MATCH(MOD('Map 2 Do Touch'!B8,4),$O$3:$O$6,0),MATCH(MOD('Map 2 Do Touch'!B9,4),$P$2:$S$2,0)),$AF$4:$AF$6,0),MATCH(IF('Map 2 Do Touch'!B8>4,"Water","Land"),'Map 3'!$AG$3:$AH$3,0)),INDEX($AK$4:$AL$6,MATCH(INDEX($P$3:$S$6,MATCH(MOD('Map 2 Do Touch'!B8,4),$O$3:$O$6,0),MATCH(MOD('Map 2 Do Touch'!B9,4),$P$2:$S$2,0)),'Map 3'!$AJ$4:$AJ$6,0),MATCH(IF('Map 2 Do Touch'!B8>4,"Water","Land"),'Map 3'!$AK$3:$AL$3,0)))) -> Flatland | C13: =IF('Map 2 Do Touch'!B8<>'Map 2 Do Touch'!B9,IF('Map 2 Do Touch'!C9>4,INDEX($AG$4:$AH$6,MATCH(INDEX($I$3:$L$6,MATCH(MOD('Map 2 Do Touch'!B9,4),$H$3:$H$6,0),MATCH(MOD('Map 2 Do Touch'!C9,4),$I$2:$L$2,0)),$AF$4:$AF$6,0),MATCH(IF('Map 2 Do Touch'!B9>4,"Water","Land"),'Map 3'!$AG$3:$AH$3,0)),INDEX($AK$4:$AL$6,MATCH(INDEX($I$3:$L$6,MATCH(MOD('Map 2 Do Touch'!B9,4),$H$3:$H$6,0),MATCH(MOD('Map 2 Do Touch'!C9,4),$I$2:$L$2,0)),'Map 3'!$AJ$4:$AJ$6,0),MATCH(IF('Map 2 Do Touch'!B9>4,"Water","Land"),'Map 3'!$AK$3:$AL$3,0))),IF('Map 2 Do Touch'!C9>4,INDEX($AG$4:$AH$6,MATCH(INDEX($P$3:$S$6,MATCH(MOD('Map 2 Do Touch'!C8,4),$O$3:$O$6,0),MATCH(MOD('Map 2 Do Touch'!C9,4),$P$2:$S$2,0)),$AF$4:$AF$6,0),MATCH(IF('Map 2 Do Touch'!C8>4,"Water","Land"),'Map 3'!$AG$3:$AH$3,0)),INDEX($AK$4:$AL$6,MATCH(INDEX($P$3:$S$6,MATCH(MOD('Map 2 Do Touch'!C8,4),$O$3:$O$6,0),MATCH(MOD('Map 2 Do Touch'!C9,4),$P$2:$S$2,0)),'Map 3'!$AJ$4:$AJ$6,0),MATCH(IF('Map 2 Do Touch'!C8>4,"Water","Land"),'Map 3'!$AK$3:$AL$3,0)))) -> Flatland | D13: =IF('Map 2 Do Touch'!C8<>'Map 2 Do Touch'!C9,IF('Map 2 Do Touch'!D9>4,INDEX($AG$4:$AH$6,MATCH(INDEX($I$3:$L$6,MATCH(MOD('Map 2 Do Touch'!C9,4),$H$3:$H$6,0),MATCH(MOD('Map 2 Do Touch'!D9,4),$I$2:$L$2,0)),$AF$4:$AF$6,0),MATCH(IF('Map 2 Do Touch'!C9>4,"Water","Land"),'Map 3'!$AG$3:$AH$3,0)),INDEX($AK$4:$AL$6,MATCH(INDEX($I$3:$L$6,MATCH(MOD('Map 2 Do Touch'!C9,4),$H$3:$H$6,0),MATCH(MOD('Map 2 Do Touch'!D9,4),$I$2:$L$2,0)),'Map 3'!$AJ$4:$AJ$6,0),MATCH(IF('Map 2 Do Touch'!C9>4,"Water","Land"),'Map 3'!$AK$3:$AL$3,0))),IF('Map 2 Do Touch'!D9>4,INDEX($AG$4:$AH$6,MATCH(INDEX($P$3:$S$6,MATCH(MOD('Map 2 Do Touch'!D8,4),$O$3:$O$6,0),MATCH(MOD('Map 2 Do Touch'!D9,4),$P$2:$S$2,0)),$AF$4:$AF$6,0),MATCH(IF('Map 2 Do Touch'!D8>4,"Water","Land"),'Map 3'!$AG$3:$AH$3,0)),INDEX($AK$4:$AL$6,MATCH(INDEX($P$3:$S$6,MATCH(MOD('Map 2 Do Touch'!D8,4),$O$3:$O$6,0),MATCH(MOD('Map 2 Do Touch'!D9,4),$P$2:$S$2,0)),'Map 3'!$AJ$4:$AJ$6,0),MATCH(IF('Map 2 Do Touch'!D8>4,"Water","Land"),'Map 3'!$AK$3:$AL$3,0)))) -> Flatland | E13: =IF('Map 2 Do Touch'!D8<>'Map 2 Do Touch'!D9,IF('Map 2 Do Touch'!E9>4,INDEX($AG$4:$AH$6,MATCH(INDEX($I$3:$L$6,MATCH(MOD('Map 2 Do Touch'!D9,4),$H$3:$H$6,0),MATCH(MOD('Map 2 Do Touch'!E9,4),$I$2:$L$2,0)),$AF$4:$AF$6,0),MATCH(IF('Map 2 Do Touch'!D9>4,"Water","Land"),'Map 3'!$AG$3:$AH$3,0)),INDEX($AK$4:$AL$6,MATCH(INDEX($I$3:$L$6,MATCH(MOD('Map 2 Do Touch'!D9,4),$H$3:$H$6,0),MATCH(MOD('Map 2 Do Touch'!E9,4),$I$2:$L$2,0)),'Map 3'!$AJ$4:$AJ$6,0),MATCH(IF('Map 2 Do Touch'!D9>4,"Water","Land"),'Map 3'!$AK$3:$AL$3,0))),IF('Map 2 Do Touch'!E9>4,INDEX($AG$4:$AH$6,MATCH(INDEX($P$3:$S$6,MATCH(MOD('Map 2 Do Touch'!E8,4),$O$3:$O$6,0),MATCH(MOD('Map 2 Do Touch'!E9,4),$P$2:$S$2,0)),$AF$4:$AF$6,0),MATCH(IF('Map 2 Do Touch'!E8>4,"Water","Land"),'Map 3'!$AG$3:$AH$3,0)),INDEX($AK$4:$AL$6,MATCH(INDEX($P$3:$S$6,MATCH(MOD('Map 2 Do Touch'!E8,4),$O$3:$O$6,0),MATCH(MOD('Map 2 Do Touch'!E9,4),$P$2:$S$2,0)),'Map 3'!$AJ$4:$AJ$6,0),MATCH(IF('Map 2 Do Touch'!E8>4,"Water","Land"),'Map 3'!$AK$3:$AL$3,0)))) -> Flatland | F13: =IF('Map 2 Do Touch'!E8<>'Map 2 Do Touch'!E9,IF('Map 2 Do Touch'!F9>4,INDEX($AG$4:$AH$6,MATCH(INDEX($I$3:$L$6,MATCH(MOD('Map 2 Do Touch'!E9,4),$H$3:$H$6,0),MATCH(MOD('Map 2 Do Touch'!F9,4),$I$2:$L$2,0)),$AF$4:$AF$6,0),MATCH(IF('Map 2 Do Touch'!E9>4,"Water","Land"),'Map 3'!$AG$3:$AH$3,0)),INDEX($AK$4:$AL$6,MATCH(INDEX($I$3:$L$6,MATCH(MOD('Map 2 Do Touch'!E9,4),$H$3:$H$6,0),MATCH(MOD('Map 2 Do Touch'!F9,4),$I$2:$L$2,0)),'Map 3'!$AJ$4:$AJ$6,0),MATCH(IF('Map 2 Do Touch'!E9>4,"Water","Land"),'Map 3'!$AK$3:$AL$3,0))),IF('Map 2 Do Touch'!F9>4,INDEX($AG$4:$AH$6,MATCH(INDEX($P$3:$S$6,MATCH(MOD('Map 2 Do Touch'!F8,4),$O$3:$O$6,0),MATCH(MOD('Map 2 Do Touch'!F9,4),$P$2:$S$2,0)),$AF$4:$AF$6,0),MATCH(IF('Map 2 Do Touch'!F8>4,"Water","Land"),'Map 3'!$AG$3:$AH$3,0)),INDEX($AK$4:$AL$6,MATCH(INDEX($P$3:$S$6,MATCH(MOD('Map 2 Do Touch'!F8,4),$O$3:$O$6,0),MATCH(MOD('Map 2 Do Touch'!F9,4),$P$2:$S$2,0)),'Map 3'!$AJ$4:$AJ$6,0),MATCH(IF('Map 2 Do Touch'!F8>4,"Water","Land"),'Map 3'!$AK$3:$AL$3,0)))) -> Coast | G13: =IF('Map 2 Do Touch'!F8<>'Map 2 Do Touch'!F9,IF('Map 2 Do Touch'!G9>4,INDEX($AG$4:$AH$6,MATCH(INDEX($I$3:$L$6,MATCH(MOD('Map 2 Do Touch'!F9,4),$H$3:$H$6,0),MATCH(MOD('Map 2 Do Touch'!G9,4),$I$2:$L$2,0)),$AF$4:$AF$6,0),MATCH(IF('Map 2 Do Touch'!F9>4,"Water","Land"),'Map 3'!$AG$3:$AH$3,0)),INDEX($AK$4:$AL$6,MATCH(INDEX($I$3:$L$6,MATCH(MOD('Map 2 Do Touch'!F9,4),$H$3:$H$6,0),MATCH(MOD('Map 2 Do Touch'!G9,4),$I$2:$L$2,0)),'Map 3'!$AJ$4:$AJ$6,0),MATCH(IF('Map 2 Do Touch'!F9>4,"Water","Land"),'Map 3'!$AK$3:$AL$3,0))),IF('Map 2 Do Touch'!G9>4,INDEX($AG$4:$AH$6,MATCH(INDEX($P$3:$S$6,MATCH(MOD('Map 2 Do Touch'!G8,4),$O$3:$O$6,0),MATCH(MOD('Map 2 Do Touch'!G9,4),$P$2:$S$2,0)),$AF$4:$AF$6,0),MATCH(IF('Map 2 Do Touch'!G8>4,"Water","Land"),'Map 3'!$AG$3:$AH$3,0)),INDEX($AK$4:$AL$6,MATCH(INDEX($P$3:$S$6,MATCH(MOD('Map 2 Do Touch'!G8,4),$O$3:$O$6,0),MATCH(MOD('Map 2 Do Touch'!G9,4),$P$2:$S$2,0)),'Map 3'!$AJ$4:$AJ$6,0),MATCH(IF('Map 2 Do Touch'!G8>4,"Water","Land"),'Map 3'!$AK$3:$AL$3,0)))) -> Cliff | H13: =IF('Map 2 Do Touch'!G8<>'Map 2 Do Touch'!G9,IF('Map 2 Do Touch'!H9>4,INDEX($AG$4:$AH$6,MATCH(INDEX($I$3:$L$6,MATCH(MOD('Map 2 Do Touch'!G9,4),$H$3:$H$6,0),MATCH(MOD('Map 2 Do Touch'!H9,4),$I$2:$L$2,0)),$AF$4:$AF$6,0),MATCH(IF('Map 2 Do Touch'!G9>4,"Water","Land"),'Map 3'!$AG$3:$AH$3,0)),INDEX($AK$4:$AL$6,MATCH(INDEX($I$3:$L$6,MATCH(MOD('Map 2 Do Touch'!G9,4),$H$3:$H$6,0),MATCH(MOD('Map 2 Do Touch'!H9,4),$I$2:$L$2,0)),'Map 3'!$AJ$4:$AJ$6,0),MATCH(IF('Map 2 Do Touch'!G9>4,"Water","Land"),'Map 3'!$AK$3:$AL$3,0))),IF('Map 2 Do Touch'!H9>4,INDEX($AG$4:$AH$6,MATCH(INDEX($P$3:$S$6,MATCH(MOD('Map 2 Do Touch'!H8,4),$O$3:$O$6,0),MATCH(MOD('Map 2 Do Touch'!H9,4),$P$2:$S$2,0)),$AF$4:$AF$6,0),MATCH(IF('Map 2 Do Touch'!H8>4,"Water","Land"),'Map 3'!$AG$3:$AH$3,0)),INDEX($AK$4:$AL$6,MATCH(INDEX($P$3:$S$6,MATCH(MOD('Map 2 Do Touch'!H8,4),$O$3:$O$6,0),MATCH(MOD('Map 2 Do Touch'!H9,4),$P$2:$S$2,0)),'Map 3'!$AJ$4:$AJ$6,0),MATCH(IF('Map 2 Do Touch'!H8>4,"Water","Land"),'Map 3'!$AK$3:$AL$3,0)))) -> Ocean | I13: =IF('Map 2 Do Touch'!H8<>'Map 2 Do Touch'!H9,IF('Map 2 Do Touch'!I9>4,INDEX($AG$4:$AH$6,MATCH(INDEX($I$3:$L$6,MATCH(MOD('Map 2 Do Touch'!H9,4),$H$3:$H$6,0),MATCH(MOD('Map 2 Do Touch'!I9,4),$I$2:$L$2,0)),$AF$4:$AF$6,0),MATCH(IF('Map 2 Do Touch'!H9>4,"Water","Land"),'Map 3'!$AG$3:$AH$3,0)),INDEX($AK$4:$AL$6,MATCH(INDEX($I$3:$L$6,MATCH(MOD('Map 2 Do Touch'!H9,4),$H$3:$H$6,0),MATCH(MOD('Map 2 Do Touch'!I9,4),$I$2:$L$2,0)),'Map 3'!$AJ$4:$AJ$6,0),MATCH(IF('Map 2 Do Touch'!H9>4,"Water","Land"),'Map 3'!$AK$3:$AL$3,0))),IF('Map 2 Do Touch'!I9>4,INDEX($AG$4:$AH$6,MATCH(INDEX($P$3:$S$6,MATCH(MOD('Map 2 Do Touch'!I8,4),$O$3:$O$6,0),MATCH(MOD('Map 2 Do Touch'!I9,4),$P$2:$S$2,0)),$AF$4:$AF$6,0),MATCH(IF('Map 2 Do Touch'!I8>4,"Water","Land"),'Map 3'!$AG$3:$AH$3,0)),INDEX($AK$4:$AL$6,MATCH(INDEX($P$3:$S$6,MATCH(MOD('Map 2 Do Touch'!I8,4),$O$3:$O$6,0),MATCH(MOD('Map 2 Do Touch'!I9,4),$P$2:$S$2,0)),'Map 3'!$AJ$4:$AJ$6,0),MATCH(IF('Map 2 Do Touch'!I8>4,"Water","Land"),'Map 3'!$AK$3:$AL$3,0)))) -> Ocean | J13: =IF('Map 2 Do Touch'!I8<>'Map 2 Do Touch'!I9,IF('Map 2 Do Touch'!J9>4,INDEX($AG$4:$AH$6,MATCH(INDEX($I$3:$L$6,MATCH(MOD('Map 2 Do Touch'!I9,4),$H$3:$H$6,0),MATCH(MOD('Map 2 Do Touch'!J9,4),$I$2:$L$2,0)),$AF$4:$AF$6,0),MATCH(IF('Map 2 Do Touch'!I9>4,"Water","Land"),'Map 3'!$AG$3:$AH$3,0)),INDEX($AK$4:$AL$6,MATCH(INDEX($I$3:$L$6,MATCH(MOD('Map 2 Do Touch'!I9,4),$H$3:$H$6,0),MATCH(MOD('Map 2 Do Touch'!J9,4),$I$2:$L$2,0)),'Map 3'!$AJ$4:$AJ$6,0),MATCH(IF('Map 2 Do Touch'!I9>4,"Water","Land"),'Map 3'!$AK$3:$AL$3,0))),IF('Map 2 Do Touch'!J9>4,INDEX($AG$4:$AH$6,MATCH(INDEX($P$3:$S$6,MATCH(MOD('Map 2 Do Touch'!J8,4),$O$3:$O$6,0),MATCH(MOD('Map 2 Do Touch'!J9,4),$P$2:$S$2,0)),$AF$4:$AF$6,0),MATCH(IF('Map 2 Do Touch'!J8>4,"Water","Land"),'Map 3'!$AG$3:$AH$3,0)),INDEX($AK$4:$AL$6,MATCH(INDEX($P$3:$S$6,MATCH(MOD('Map 2 Do Touch'!J8,4),$O$3:$O$6,0),MATCH(MOD('Map 2 Do Touch'!J9,4),$P$2:$S$2,0)),'Map 3'!$AJ$4:$AJ$6,0),MATCH(IF('Map 2 Do Touch'!J8>4,"Water","Land"),'Map 3'!$AK$3:$AL$3,0)))) -> Ocean | ... AO13: =IF('Map 2 Do Touch'!AN8<>'Map 2 Do Touch'!AN9,IF('Map 2 Do Touch'!AO9>4,INDEX($AG$4:$AH$6,MATCH(INDEX($I$3:$L$6,MATCH(MOD('Map 2 Do Touch'!AN9,4),$H$3:$H$6,0),MATCH(MOD('Map 2 Do Touch'!AO9,4),$I$2:$L$2,0)),$AF$4:$AF$6,0),MATCH(IF('Map 2 Do Touch'!AN9>4,"Water","Land"),'Map 3'!$AG$3:$AH$3,0)),INDEX($AK$4:$AL$6,MATCH(INDEX($I$3:$L$6,MATCH(MOD('Map 2 Do Touch'!AN9,4),$H$3:$H$6,0),MATCH(MOD('Map 2 Do Touch'!AO9,4),$I$2:$L$2,0)),'Map 3'!$AJ$4:$AJ$6,0),MATCH(IF('Map 2 Do Touch'!AN9>4,"Water","Land"),'Map 3'!$AK$3:$AL$3,0))),IF('Map 2 Do Touch'!AO9>4,INDEX($AG$4:$AH$6,MATCH(INDEX($P$3:$S$6,MATCH(MOD('Map 2 Do Touch'!AO8,4),$O$3:$O$6,0),MATCH(MOD('Map 2 Do Touch'!AO9,4),$P$2:$S$2,0)),$AF$4:$AF$6,0),MATCH(IF('Map 2 Do Touch'!AO8>4,"Water","Land"),'Map 3'!$AG$3:$AH$3,0)),INDEX($AK$4:$AL$6,MATCH(INDEX($P$3:$S$6,MATCH(MOD('Map 2 Do Touch'!AO8,4),$O$3:$O$6,0),MATCH(MOD('Map 2 Do Touch'!AO9,4),$P$2:$S$2,0)),'Map 3'!$AJ$4:$AJ$6,0),MATCH(IF('Map 2 Do Touch'!AO8>4,"Water","Land"),'Map 3'!$AK$3:$AL$3,0)))) -> Flatland
A14: 3 | B14: =IF('Map 2 Do Touch'!B9<>'Map 2 Do Touch'!B10,IF('Map 2 Do Touch'!B10>4,INDEX($AG$4:$AH$6,MATCH(INDEX($I$3:$L$6,MATCH(MOD('Map 2 Do Touch'!AO10,4),$H$3:$H$6,0),MATCH(MOD('Map 2 Do Touch'!B10,4),$I$2:$L$2,0)),$AF$4:$AF$6,0),MATCH(IF('Map 2 Do Touch'!AO10>4,"Water","Land"),'Map 3'!$AG$3:$AH$3,0)),INDEX($AK$4:$AL$6,MATCH(INDEX($I$3:$L$6,MATCH(MOD('Map 2 Do Touch'!A10,4),$H$3:$H$6,0),MATCH(MOD('Map 2 Do Touch'!B10,4),$I$2:$L$2,0)),'Map 3'!$AJ$4:$AJ$6,0),MATCH(IF('Map 2 Do Touch'!AO10>4,"Water","Land"),'Map 3'!$AK$3:$AL$3,0))),IF('Map 2 Do Touch'!B10>4,INDEX($AG$4:$AH$6,MATCH(INDEX($P$3:$S$6,MATCH(MOD('Map 2 Do Touch'!B9,4),$O$3:$O$6,0),MATCH(MOD('Map 2 Do Touch'!B10,4),$P$2:$S$2,0)),$AF$4:$AF$6,0),MATCH(IF('Map 2 Do Touch'!B9>4,"Water","Land"),'Map 3'!$AG$3:$AH$3,0)),INDEX($AK$4:$AL$6,MATCH(INDEX($P$3:$S$6,MATCH(MOD('Map 2 Do Touch'!B9,4),$O$3:$O$6,0),MATCH(MOD('Map 2 Do Touch'!B10,4),$P$2:$S$2,0)),'Map 3'!$AJ$4:$AJ$6,0),MATCH(IF('Map 2 Do Touch'!B9>4,"Water","Land"),'Map 3'!$AK$3:$AL$3,0)))) -> Ocean | C14: =IF('Map 2 Do Touch'!B9<>'Map 2 Do Touch'!B10,IF('Map 2 Do Touch'!C10>4,INDEX($AG$4:$AH$6,MATCH(INDEX($I$3:$L$6,MATCH(MOD('Map 2 Do Touch'!B10,4),$H$3:$H$6,0),MATCH(MOD('Map 2 Do Touch'!C10,4),$I$2:$L$2,0)),$AF$4:$AF$6,0),MATCH(IF('Map 2 Do Touch'!B10>4,"Water","Land"),'Map 3'!$AG$3:$AH$3,0)),INDEX($AK$4:$AL$6,MATCH(INDEX($I$3:$L$6,MATCH(MOD('Map 2 Do Touch'!B10,4),$H$3:$H$6,0),MATCH(MOD('Map 2 Do Touch'!C10,4),$I$2:$L$2,0)),'Map 3'!$AJ$4:$AJ$6,0),MATCH(IF('Map 2 Do Touch'!B10>4,"Water","Land"),'Map 3'!$AK$3:$AL$3,0))),IF('Map 2 Do Touch'!C10>4,INDEX($AG$4:$AH$6,MATCH(INDEX($P$3:$S$6,MATCH(MOD('Map 2 Do Touch'!C9,4),$O$3:$O$6,0),MATCH(MOD('Map 2 Do Touch'!C10,4),$P$2:$S$2,0)),$AF$4:$AF$6,0),MATCH(IF('Map 2 Do Touch'!C9>4,"Water","Land"),'Map 3'!$AG$3:$AH$3,0)),INDEX($AK$4:$AL$6,MATCH(INDEX($P$3:$S$6,MATCH(MOD('Map 2 Do Touch'!C9,4),$O$3:$O$6,0),MATCH(MOD('Map 2 Do Touch'!C10,4),$P$2:$S$2,0)),'Map 3'!$AJ$4:$AJ$6,0),MATCH(IF('Map 2 Do Touch'!C9>4,"Water","Land"),'Map 3'!$AK$3:$AL$3,0)))) -> Coast | D14: =IF('Map 2 Do Touch'!C9<>'Map 2 Do Touch'!C10,IF('Map 2 Do Touch'!D10>4,INDEX($AG$4:$AH$6,MATCH(INDEX($I$3:$L$6,MATCH(MOD('Map 2 Do Touch'!C10,4),$H$3:$H$6,0),MATCH(MOD('Map 2 Do Touch'!D10,4),$I$2:$L$2,0)),$AF$4:$AF$6,0),MATCH(IF('Map 2 Do Touch'!C10>4,"Water","Land"),'Map 3'!$AG$3:$AH$3,0)),INDEX($AK$4:$AL$6,MATCH(INDEX($I$3:$L$6,MATCH(MOD('Map 2 Do Touch'!C10,4),$H$3:$H$6,0),MATCH(MOD('Map 2 Do Touch'!D10,4),$I$2:$L$2,0)),'Map 3'!$AJ$4:$AJ$6,0),MATCH(IF('Map 2 Do Touch'!C10>4,"Water","Land"),'Map 3'!$AK$3:$AL$3,0))),IF('Map 2 Do Touch'!D10>4,INDEX($AG$4:$AH$6,MATCH(INDEX($P$3:$S$6,MATCH(MOD('Map 2 Do Touch'!D9,4),$O$3:$O$6,0),MATCH(MOD('Map 2 Do Touch'!D10,4),$P$2:$S$2,0)),$AF$4:$AF$6,0),MATCH(IF('Map 2 Do Touch'!D9>4,"Water","Land"),'Map 3'!$AG$3:$AH$3,0)),INDEX($AK$4:$AL$6,MATCH(INDEX($P$3:$S$6,MATCH(MOD('Map 2 Do Touch'!D9,4),$O$3:$O$6,0),MATCH(MOD('Map 2 Do Touch'!D10,4),$P$2:$S$2,0)),'Map 3'!$AJ$4:$AJ$6,0),MATCH(IF('Map 2 Do Touch'!D9>4,"Water","Land"),'Map 3'!$AK$3:$AL$3,0)))) -> Flatland | E14: =IF('Map 2 Do Touch'!D9<>'Map 2 Do Touch'!D10,IF('Map 2 Do Touch'!E10>4,INDEX($AG$4:$AH$6,MATCH(INDEX($I$3:$L$6,MATCH(MOD('Map 2 Do Touch'!D10,4),$H$3:$H$6,0),MATCH(MOD('Map 2 Do Touch'!E10,4),$I$2:$L$2,0)),$AF$4:$AF$6,0),MATCH(IF('Map 2 Do Touch'!D10>4,"Water","Land"),'Map 3'!$AG$3:$AH$3,0)),INDEX($AK$4:$AL$6,MATCH(INDEX($I$3:$L$6,MATCH(MOD('Map 2 Do Touch'!D10,4),$H$3:$H$6,0),MATCH(MOD('Map 2 Do Touch'!E10,4),$I$2:$L$2,0)),'Map 3'!$AJ$4:$AJ$6,0),MATCH(IF('Map 2 Do Touch'!D10>4,"Water","Land"),'Map 3'!$AK$3:$AL$3,0))),IF('Map 2 Do Touch'!E10>4,INDEX($AG$4:$AH$6,MATCH(INDEX($P$3:$S$6,MATCH(MOD('Map 2 Do Touch'!E9,4),$O$3:$O$6,0),MATCH(MOD('Map 2 Do Touch'!E10,4),$P$2:$S$2,0)),$AF$4:$AF$6,0),MATCH(IF('Map 2 Do Touch'!E9>4,"Water","Land"),'Map 3'!$AG$3:$AH$3,0)),INDEX($AK$4:$AL$6,MATCH(INDEX($P$3:$S$6,MATCH(MOD('Map 2 Do Touch'!E9,4),$O$3:$O$6,0),MATCH(MOD('Map 2 Do Touch'!E10,4),$P$2:$S$2,0)),'Map 3'!$AJ$4:$AJ$6,0),MATCH(IF('Map 2 Do Touch'!E9>4,"Water","Land"),'Map 3'!$AK$3:$AL$3,0)))) -> Flatland | F14: =IF('Map 2 Do Touch'!E9<>'Map 2 Do Touch'!E10,IF('Map 2 Do Touch'!F10>4,INDEX($AG$4:$AH$6,MATCH(INDEX($I$3:$L$6,MATCH(MOD('Map 2 Do Touch'!E10,4),$H$3:$H$6,0),MATCH(MOD('Map 2 Do Touch'!F10,4),$I$2:$L$2,0)),$AF$4:$AF$6,0),MATCH(IF('Map 2 Do Touch'!E10>4,"Water","Land"),'Map 3'!$AG$3:$AH$3,0)),INDEX($AK$4:$AL$6,MATCH(INDEX($I$3:$L$6,MATCH(MOD('Map 2 Do Touch'!E10,4),$H$3:$H$6,0),MATCH(MOD('Map 2 Do Touch'!F10,4),$I$2:$L$2,0)),'Map 3'!$AJ$4:$AJ$6,0),MATCH(IF('Map 2 Do Touch'!E10>4,"Water","Land"),'Map 3'!$AK$3:$AL$3,0))),IF('Map 2 Do Touch'!F10>4,INDEX($AG$4:$AH$6,MATCH(INDEX($P$3:$S$6,MATCH(MOD('Map 2 Do Touch'!F9,4),$O$3:$O$6,0),MATCH(MOD('Map 2 Do Touch'!F10,4),$P$2:$S$2,0)),$AF$4:$AF$6,0),MATCH(IF('Map 2 Do Touch'!F9>4,"Water","Land"),'Map 3'!$AG$3:$AH$3,0)),INDEX($AK$4:$AL$6,MATCH(INDEX($P$3:$S$6,MATCH(MOD('Map 2 Do Touch'!F9,4),$O$3:$O$6,0),MATCH(MOD('Map 2 Do Touch'!F10,4),$P$2:$S$2,0)),'Map 3'!$AJ$4:$AJ$6,0),MATCH(IF('Map 2 Do Touch'!F9>4,"Water","Land"),'Map 3'!$AK$3:$AL$3,0)))) -> Coast | G14: =IF('Map 2 Do Touch'!F9<>'Map 2 Do Touch'!F10,IF('Map 2 Do Touch'!G10>4,INDEX($AG$4:$AH$6,MATCH(INDEX($I$3:$L$6,MATCH(MOD('Map 2 Do Touch'!F10,4),$H$3:$H$6,0),MATCH(MOD('Map 2 Do Touch'!G10,4),$I$2:$L$2,0)),$AF$4:$AF$6,0),MATCH(IF('Map 2 Do Touch'!F10>4,"Water","Land"),'Map 3'!$AG$3:$AH$3,0)),INDEX($AK$4:$AL$6,MATCH(INDEX($I$3:$L$6,MATCH(MOD('Map 2 Do Touch'!F10,4),$H$3:$H$6,0),MATCH(MOD('Map 2 Do Touch'!G10,4),$I$2:$L$2,0)),'Map 3'!$AJ$4:$AJ$6,0),MATCH(IF('Map 2 Do Touch'!F10>4,"Water","Land"),'Map 3'!$AK$3:$AL$3,0))),IF('Map 2 Do Touch'!G10>4,INDEX($AG$4:$AH$6,MATCH(INDEX($P$3:$S$6,MATCH(MOD('Map 2 Do Touch'!G9,4),$O$3:$O$6,0),MATCH(MOD('Map 2 Do Touch'!G10,4),$P$2:$S$2,0)),$AF$4:$AF$6,0),MATCH(IF('Map 2 Do Touch'!G9>4,"Water","Land"),'Map 3'!$AG$3:$AH$3,0)),INDEX($AK$4:$AL$6,MATCH(INDEX($P$3:$S$6,MATCH(MOD('Map 2 Do Touch'!G9,4),$O$3:$O$6,0),MATCH(MOD('Map 2 Do Touch'!G10,4),$P$2:$S$2,0)),'Map 3'!$AJ$4:$AJ$6,0),MATCH(IF('Map 2 Do Touch'!G9>4,"Water","Land"),'Map 3'!$AK$3:$AL$3,0)))) -> Island | H14: =IF('Map 2 Do Touch'!G9<>'Map 2 Do Touch'!G10,IF('Map 2 Do Touch'!H10>4,INDEX($AG$4:$AH$6,MATCH(INDEX($I$3:$L$6,MATCH(MOD('Map 2 Do Touch'!G10,4),$H$3:$H$6,0),MATCH(MOD('Map 2 Do Touch'!H10,4),$I$2:$L$2,0)),$AF$4:$AF$6,0),MATCH(IF('Map 2 Do Touch'!G10>4,"Water","Land"),'Map 3'!$AG$3:$AH$3,0)),INDEX($AK$4:$AL$6,MATCH(INDEX($I$3:$L$6,MATCH(MOD('Map 2 Do Touch'!G10,4),$H$3:$H$6,0),MATCH(MOD('Map 2 Do Touch'!H10,4),$I$2:$L$2,0)),'Map 3'!$AJ$4:$AJ$6,0),MATCH(IF('Map 2 Do Touch'!G10>4,"Water","Land"),'Map 3'!$AK$3:$AL$3,0))),IF('Map 2 Do Touch'!H10>4,INDEX($AG$4:$AH$6,MATCH(INDEX($P$3:$S$6,MATCH(MOD('Map 2 Do Touch'!H9,4),$O$3:$O$6,0),MATCH(MOD('Map 2 Do Touch'!H10,4),$P$2:$S$2,0)),$AF$4:$AF$6,0),MATCH(IF('Map 2 Do Touch'!H9>4,"Water","Land"),'Map 3'!$AG$3:$AH$3,0)),INDEX($AK$4:$AL$6,MATCH(INDEX($P$3:$S$6,MATCH(MOD('Map 2 Do Touch'!H9,4),$O$3:$O$6,0),MATCH(MOD('Map 2 Do Touch'!H10,4),$P$2:$S$2,0)),'Map 3'!$AJ$4:$AJ$6,0),MATCH(IF('Map 2 Do Touch'!H9>4,"Water","Land"),'Map 3'!$AK$3:$AL$3,0)))) -> Ocean | I14: =IF('Map 2 Do Touch'!H9<>'Map 2 Do Touch'!H10,IF('Map 2 Do Touch'!I10>4,INDEX($AG$4:$AH$6,MATCH(INDEX($I$3:$L$6,MATCH(MOD('Map 2 Do Touch'!H10,4),$H$3:$H$6,0),MATCH(MOD('Map 2 Do Touch'!I10,4),$I$2:$L$2,0)),$AF$4:$AF$6,0),MATCH(IF('Map 2 Do Touch'!H10>4,"Water","Land"),'Map 3'!$AG$3:$AH$3,0)),INDEX($AK$4:$AL$6,MATCH(INDEX($I$3:$L$6,MATCH(MOD('Map 2 Do Touch'!H10,4),$H$3:$H$6,0),MATCH(MOD('Map 2 Do Touch'!I10,4),$I$2:$L$2,0)),'Map 3'!$AJ$4:$AJ$6,0),MATCH(IF('Map 2 Do Touch'!H10>4,"Water","Land"),'Map 3'!$AK$3:$AL$3,0))),IF('Map 2 Do Touch'!I10>4,INDEX($AG$4:$AH$6,MATCH(INDEX($P$3:$S$6,MATCH(MOD('Map 2 Do Touch'!I9,4),$O$3:$O$6,0),MATCH(MOD('Map 2 Do Touch'!I10,4),$P$2:$S$2,0)),$AF$4:$AF$6,0),MATCH(IF('Map 2 Do Touch'!I9>4,"Water","Land"),'Map 3'!$AG$3:$AH$3,0)),INDEX($AK$4:$AL$6,MATCH(INDEX($P$3:$S$6,MATCH(MOD('Map 2 Do Touch'!I9,4),$O$3:$O$6,0),MATCH(MOD('Map 2 Do Touch'!I10,4),$P$2:$S$2,0)),'Map 3'!$AJ$4:$AJ$6,0),MATCH(IF('Map 2 Do Touch'!I9>4,"Water","Land"),'Map 3'!$AK$3:$AL$3,0)))) -> Ocean | J14: =IF('Map 2 Do Touch'!I9<>'Map 2 Do Touch'!I10,IF('Map 2 Do Touch'!J10>4,INDEX($AG$4:$AH$6,MATCH(INDEX($I$3:$L$6,MATCH(MOD('Map 2 Do Touch'!I10,4),$H$3:$H$6,0),MATCH(MOD('Map 2 Do Touch'!J10,4),$I$2:$L$2,0)),$AF$4:$AF$6,0),MATCH(IF('Map 2 Do Touch'!I10>4,"Water","Land"),'Map 3'!$AG$3:$AH$3,0)),INDEX($AK$4:$AL$6,MATCH(INDEX($I$3:$L$6,MATCH(MOD('Map 2 Do Touch'!I10,4),$H$3:$H$6,0),MATCH(MOD('Map 2 Do Touch'!J10,4),$I$2:$L$2,0)),'Map 3'!$AJ$4:$AJ$6,0),MATCH(IF('Map 2 Do Touch'!I10>4,"Water","Land"),'Map 3'!$AK$3:$AL$3,0))),IF('Map 2 Do Touch'!J10>4,INDEX($AG$4:$AH$6,MATCH(INDEX($P$3:$S$6,MATCH(MOD('Map 2 Do Touch'!J9,4),$O$3:$O$6,0),MATCH(MOD('Map 2 Do Touch'!J10,4),$P$2:$S$2,0)),$AF$4:$AF$6,0),MATCH(IF('Map 2 Do Touch'!J9>4,"Water","Land"),'Map 3'!$AG$3:$AH$3,0)),INDEX($AK$4:$AL$6,MATCH(INDEX($P$3:$S$6,MATCH(MOD('Map 2 Do Touch'!J9,4),$O$3:$O$6,0),MATCH(MOD('Map 2 Do Touch'!J10,4),$P$2:$S$2,0)),'Map 3'!$AJ$4:$AJ$6,0),MATCH(IF('Map 2 Do Touch'!J9>4,"Water","Land"),'Map 3'!$AK$3:$AL$3,0)))) -> Ocean | ... AO14: =IF('Map 2 Do Touch'!AN9<>'Map 2 Do Touch'!AN10,IF('Map 2 Do Touch'!AO10>4,INDEX($AG$4:$AH$6,MATCH(INDEX($I$3:$L$6,MATCH(MOD('Map 2 Do Touch'!AN10,4),$H$3:$H$6,0),MATCH(MOD('Map 2 Do Touch'!AO10,4),$I$2:$L$2,0)),$AF$4:$AF$6,0),MATCH(IF('Map 2 Do Touch'!AN10>4,"Water","Land"),'Map 3'!$AG$3:$AH$3,0)),INDEX($AK$4:$AL$6,MATCH(INDEX($I$3:$L$6,MATCH(MOD('Map 2 Do Touch'!AN10,4),$H$3:$H$6,0),MATCH(MOD('Map 2 Do Touch'!AO10,4),$I$2:$L$2,0)),'Map 3'!$AJ$4:$AJ$6,0),MATCH(IF('Map 2 Do Touch'!AN10>4,"Water","Land"),'Map 3'!$AK$3:$AL$3,0))),IF('Map 2 Do Touch'!AO10>4,INDEX($AG$4:$AH$6,MATCH(INDEX($P$3:$S$6,MATCH(MOD('Map 2 Do Touch'!AO9,4),$O$3:$O$6,0),MATCH(MOD('Map 2 Do Touch'!AO10,4),$P$2:$S$2,0)),$AF$4:$AF$6,0),MATCH(IF('Map 2 Do Touch'!AO9>4,"Water","Land"),'Map 3'!$AG$3:$AH$3,0)),INDEX($AK$4:$AL$6,MATCH(INDEX($P$3:$S$6,MATCH(MOD('Map 2 Do Touch'!AO9,4),$O$3:$O$6,0),MATCH(MOD('Map 2 Do Touch'!AO10,4),$P$2:$S$2,0)),'Map 3'!$AJ$4:$AJ$6,0),MATCH(IF('Map 2 Do Touch'!AO9>4,"Water","Land"),'Map 3'!$AK$3:$AL$3,0)))) -> Coast
